Country,Area(sq km),Birth rate(births/1000 population),Current account balance,Death rate(deaths/1000 population),Debt - external,Electricity - consumption(kWh),Electricity - production(kWh),Exports,GDP,GDP - per capita,GDP - real growth rate(%),HIV/AIDS - adult prevalence rate(%),HIV/AIDS - deaths,Highways(km),Imports,Inflation rate (consumer prices)(%),Internet hosts,Internet users,Investment (gross fixed)(% of GDP),Labor force,Natural gas - consumption(cu m),Natural gas - exports(cu m),Natural gas - imports(cu m),Natural gas - production(cu m),Natural gas - proved reserves(cu m),Oil - consumption(bbl/day),Oil - exports(bbl/day),Oil - imports(bbl/day),Oil - production(bbl/day),Oil - proved reserves(bbl),Population,Public debt(% of GDP),Railways(km),Reserves of foreign exchange & gold,Telephones - main lines in use,Telephones - mobile cellular,Total fertility rate(children born/woman),Unemployment rate(%)
String,double,double,double,double,double,double,double,double,double,double,double,double,double,double,double,double,double,double,double,double,double,double,double,double,double,double,double,double,double,double,double,double,double,double,double,double,double,double
Afghanistan,647500,47.02,Unknown,20.75,8000000000,652200000,540000000,446000000,21500000000,800,7.5,0.01,Unknown,21000,3759000000,10.3,Unknown,1000,Unknown,11800000,220000000,Unknown,Unknown,220000000,49980000000,3500,Unknown,Unknown,Unknown,Unknown,29928987,Unknown,Unknown,Unknown,33100,15000,6.75,Unknown
Akrotiri,123,Unknown,Unknown,Unknown,Unknown,Unknown,Unknown,Unknown,Unknown,Unknown,Unknown,Unknown,Unknown,Unknown,Unknown,Unknown,Unknown,Unknown,Unknown,Unknown,Unknown,Unknown,Unknown,Unknown,Unknown,Unknown,Unknown,Unknown,Unknown,Unknown,Unknown,Unknown,Unknown,Unknown,Unknown,Unknown,Unknown,Unknown
Albania,28748,15.08,-504000000,5.12,1410000000,6760000000,5680000000,552400000,17460000000,4900,5.6,Unknown,Unknown,18000,2076000000,3.2,455,30000,18.4,1090000,30000000,Unknown,Unknown,30000000,3316000000,7500,Unknown,5500,2000,185500000,3563112,Unknown,447,1206000000,255000,1100000,2.04,14.8
Algeria,2381740,17.13,11900000000,4.6,21900000000,23610000000,25760000000,32160000000,2.12E+11,6600,6.1,0.1,500,104000,15250000000,3.1,897,500000,26.2,9910000,22320000000,57980000000,Unknown,80300000000,4.74E+12,209000,Unknown,Unknown,1200000,11870000000,32531853,37.4,3973,43550000000,2199600,1447310,1.92,25.4
American Samoa,199,23.13,Unknown,3.33,Unknown,120900000,130000000,30000000,500000000,8000,Unknown,Unknown,Unknown,185,123000000,Unknown,Unknown,Unknown,Unknown,14000,Unknown,Unknown,Unknown,Unknown,Unknown,3800,Unknown,Unknown,Unknown,Unknown,57881,Unknown,Unknown,Unknown,15000,2377,3.25,6
Andorra,468,9,Unknown,6.07,Unknown,Unknown,Unknown,58000000,1900000000,26800,2,Unknown,Unknown,269,1077000000,4.3,4144,24500,Unknown,33000,Unknown,Unknown,Unknown,Unknown,Unknown,Unknown,Unknown,Unknown,Unknown,Unknown,70549,Unknown,Unknown,Unknown,35000,23500,1.29,0
Angola,1246700,44.64,-37880000,25.9,10450000000,1587000000,1707000000,12760000000,23170000000,2100,11.7,3.9,21000,51429,4896000000,43.8,17,41000,34.5,5410000,530000000,Unknown,Unknown,530000000,79570000000,31000,Unknown,Unknown,980000,22880000000,11190786,Unknown,2761,800000000,96300,130000,6.27,Unknown
Anguilla,102,14.26,Unknown,5.43,8800000,42600000,Unknown,2600000,112000000,7500,2.8,Unknown,Unknown,105,80900000,2.3,Unknown,3000,Unknown,6049,Unknown,Unknown,Unknown,Unknown,Unknown,Unknown,Unknown,Unknown,Unknown,Unknown,13254,Unknown,Unknown,Unknown,6200,1800,1.73,8
Antarctica,14000000,Unknown,Unknown,Unknown,Unknown,Unknown,Unknown,Unknown,Unknown,Unknown,Unknown,Unknown,Unknown,Unknown,Unknown,Unknown,Unknown,Unknown,Unknown,Unknown,Unknown,Unknown,Unknown,Unknown,Unknown,Unknown,Unknown,Unknown,Unknown,Unknown,Unknown,Unknown,Unknown,Unknown,Unknown,Unknown,Unknown,Unknown
Antigua and Barbuda,443,17.26,Unknown,5.44,231000000,103000000,110800000,689000000,750000000,11000,3,Unknown,Unknown,250,692000000,0.4,1665,10000,Unknown,30000,Unknown,Unknown,Unknown,Unknown,Unknown,3600,Unknown,Unknown,Unknown,Unknown,68722,Unknown,Unknown,Unknown,38000,38200,2.26,11
Argentina,2766890,16.9,5473000000,7.56,1.58E+11,81650000000,81390000000,33780000000,4.84E+11,12400,8.3,0.7,1500,215471,22060000000,6.1,742358,4100000,18.3,15040000,31100000000,6050000000,Unknown,37150000000,7.68E+11,486000,Unknown,Unknown,755000,2900000000,39537943,118,34091,19470000000,8009400,6500000,2.19,14.8
Armenia,29800,11.76,-240400000,8.16,905000000,5797000000,6492000000,850000000,13650000000,4600,9,0.1,200,8431,1300000000,3.5,2206,150000,19.8,1400000,1400000000,Unknown,1400000000,Unknown,Unknown,5700,Unknown,Unknown,Unknown,Unknown,2982904,Unknown,845,555000000,562600,114400,1.32,30
Aruba,193,11.26,Unknown,6.57,285000000,751200000,807700000,128000000,1940000000,28000,-1.5,Unknown,Unknown,800,841000000,3.2,923,24000,Unknown,41500,Unknown,Unknown,Unknown,Unknown,Unknown,6500,Unknown,Unknown,Unknown,Unknown,71566,Unknown,Unknown,Unknown,37100,53000,1.79,0.6
Ashmore and Cartier Islands,5,Unknown,Unknown,Unknown,Unknown,Unknown,Unknown,Unknown,Unknown,Unknown,Unknown,Unknown,Unknown,Unknown,Unknown,Unknown,Unknown,Unknown,Unknown,Unknown,Unknown,Unknown,Unknown,Unknown,Unknown,Unknown,Unknown,Unknown,Unknown,Unknown,Unknown,Unknown,Unknown,Unknown,Unknown,Unknown,Unknown,Unknown
Australia,7686850,12.26,-38300000000,7.44,3.09E+11,1.96E+11,2.10E+11,86890000000,6.12E+11,30700,3.5,0.1,Unknown,811603,98100000000,2.3,2847763,9472000,25.3,10350000,23330000000,9744000000,Unknown,33080000000,2.41E+12,796500,523400,530800,537500,3664000000,20090437,17.4,43802,35140000000,10815000,14347000,1.76,5.1
Austria,83870,8.81,-3283000000,9.7,15500000000,55090000000,58490000000,1.03E+11,2.56E+11,31300,1.9,0.3,100,200000,1.01E+11,1.8,387006,3730000,22.6,3450000,7810000000,403000000,6033000000,1731000000,24900000000,262400,35470,262000,20670,85690000,8184691,64.2,6021,12730000000,3881000,7094500,1.36,4.4
Azerbaijan,86600,20.4,-2899000000,9.86,1832000000,17370000000,17550000000,3168000000,30010000000,3800,9.8,0.1,100,28030,3622000000,4.6,586,300000,65.1,5090000,6720000000,Unknown,1000000000,5720000000,62300000000,140000,Unknown,Unknown,312800,589000000,7911974,18.9,2957,875000000,923800,870000,2.44,1.2
Bahamas The,13940,17.87,Unknown,8.97,308500000,1596000000,1716000000,636000000,5295000000,17700,3,3,200,2693,1630000000,1.2,302,84000,Unknown,156000,Unknown,Unknown,Unknown,Unknown,Unknown,23000,29000,Unknown,Unknown,Unknown,301790,Unknown,Unknown,Unknown,131700,121800,2.2,10.2
Bahrain,665,18.1,586100000,4.08,6215000000,6379000000,6860000000,8205000000,13010000000,19200,5.6,0.2,200,3459,5870000000,2.1,1334,195700,12.8,370000,32700000000,Unknown,Unknown,32700000000,46000000000,40000,Unknown,Unknown,44000,126000000,688345,63.8,Unknown,2141000000,185800,443100,2.63,15
Baker Island,1,Unknown,Unknown,Unknown,Unknown,Unknown,Unknown,Unknown,Unknown,Unknown,Unknown,Unknown,Unknown,Unknown,Unknown,Unknown,Unknown,Unknown,Unknown,Unknown,Unknown,Unknown,Unknown,Unknown,Unknown,Unknown,Unknown,Unknown,Unknown,Unknown,Unknown,Unknown,Unknown,Unknown,Unknown,Unknown,Unknown,Unknown
Bangladesh,144000,30.01,216600000,8.4,19970000000,15300000000,16450000000,7478000000,2.76E+11,2000,4.9,0.1,650,207486,10030000000,6,1,243000,23.5,65490000,9900000000,Unknown,Unknown,9900000000,1.50E+11,71000,Unknown,Unknown,3581,28450000,144319628,43,2706,3000000000,740000,1365000,3.13,40
Barbados,431,12.83,Unknown,9.17,668000000,744000000,800000000,206000000,4569000000,16400,2.3,1.5,200,1600,1039000000,-0.5,204,100000,Unknown,128500,29170000,Unknown,Unknown,29170000,70790000,10900,Unknown,Unknown,1271,1254000,279254,Unknown,Unknown,Unknown,134000,140000,1.65,10.7
Bassas da India,Unknown,Unknown,Unknown,Unknown,Unknown,Unknown,Unknown,Unknown,Unknown,Unknown,Unknown,Unknown,Unknown,Unknown,Unknown,Unknown,Unknown,Unknown,Unknown,Unknown,Unknown,Unknown,Unknown,Unknown,Unknown,Unknown,Unknown,Unknown,Unknown,Unknown,Unknown,Unknown,Unknown,Unknown,Unknown,Unknown,Unknown,Unknown
Belarus,207600,10.83,-1119000000,14.15,600000000,34300000000,30000000000,11470000000,70500000000,6800,6.4,0.3,1000,79990,13570000000,17.4,5308,1391900,21.8,4305000,18800000000,Unknown,18500000000,250000000,Unknown,285000,14500,360000,36000,Unknown,10300483,Unknown,5523,770200000,3071300,1118000,1.39,2
Belgium,30528,10.48,11400000000,10.22,28300000000,78820000000,76580000000,2.56E+11,3.16E+11,30600,2.6,0.2,100,149028,2.35E+11,1.9,166799,3400000,19.1,4750000,15500000000,Unknown,15400000000,Unknown,Unknown,595100,450000,1042000,Unknown,Unknown,10364388,96.2,3518,14450000000,5120400,8135500,1.64,12
Belize,22966,29.34,-115000000,6.04,1362000000,108800000,117000000,401400000,1778000000,6500,3.5,2.4,Unknown,2872,579900000,2.9,2613,30000,33.6,90000,Unknown,Unknown,Unknown,Unknown,Unknown,5000,Unknown,Unknown,Unknown,Unknown,279457,Unknown,Unknown,111100000,33300,60400,3.68,12.9
Benin,112620,41.99,-159900000,13.76,1600000000,565200000,285200000,720900000,8338000000,1200,5,1.9,5800,6787,934500000,2.8,879,70000,19.3,Unknown,Unknown,Unknown,Unknown,Unknown,608800000,11500,Unknown,Unknown,700,4105000,7460025,Unknown,578,839300000,66500,236200,5.86,Unknown
Bermuda,53,11.6,Unknown,7.63,160000000,598000000,643000000,879000000,2330000000,36000,2,Unknown,Unknown,450,5523000000,3.3,5161,34500,Unknown,37470,Unknown,Unknown,Unknown,Unknown,Unknown,4000,Unknown,Unknown,Unknown,Unknown,65365,Unknown,Unknown,Unknown,56000,37873,1.89,5
Bhutan,47000,34.03,Unknown,12.94,245000000,312900000,2001000000,154000000,2900000000,1400,5.3,0.1,Unknown,4007,196000000,3,985,15000,Unknown,Unknown,Unknown,Unknown,Unknown,Unknown,Unknown,1020,Unknown,Unknown,Unknown,Unknown,2232291,Unknown,Unknown,Unknown,25200,22000,4.81,Unknown
Bolivia,1098580,23.76,273000000,7.64,5439000000,3848000000,4132000000,1986000000,22330000000,2600,3.7,0.1,Unknown,60282,1595000000,4.9,7080,270000,10.4,3800000,1150000000,2900000000,Unknown,8440000000,7.27E+11,49000,Unknown,Unknown,39000,458800000,8857870,Unknown,3519,1214000000,600100,1401500,2.94,9.2
Bosnia and Herzegovina,51129,12.49,-2100000000,8.44,3000000000,8318000000,10040000000,1700000000,26210000000,6500,5,0.1,100,21846,5200000000,1.1,6994,100000,Unknown,1026000,300000000,Unknown,300000000,Unknown,Unknown,20000,Unknown,Unknown,Unknown,Unknown,4025476,Unknown,1021,2000000000,938000,1050000,1.71,44
Botswana,600370,23.33,337000000,29.36,531000000,1890000000,930000000,2940000000,15050000000,9200,3.5,37.3,33000,10217,2255000000,7,1920,60000,25.5,264000,Unknown,Unknown,Unknown,Unknown,Unknown,16000,Unknown,Unknown,Unknown,Unknown,1640115,8.6,888,5700000000,142400,435000,2.85,23.8
Bouvet Island,59,Unknown,Unknown,Unknown,Unknown,Unknown,Unknown,Unknown,Unknown,Unknown,Unknown,Unknown,Unknown,Unknown,Unknown,Unknown,Unknown,Unknown,Unknown,Unknown,Unknown,Unknown,Unknown,Unknown,Unknown,Unknown,Unknown,Unknown,Unknown,Unknown,Unknown,Unknown,Unknown,Unknown,Unknown,Unknown,Unknown,Unknown
Brazil,8511965,16.83,8000000000,6.15,2.20E+11,3.52E+11,3.39E+11,95000000000,1.49E+12,8100,5.1,0.7,15000,1724929,61000000000,7.6,3163349,14300000,19.8,89000000,9590000000,Unknown,3640000000,5950000000,2.22E+11,2199000,Unknown,Unknown,1788000,13900000000,186112794,52,29412,52940000000,38810000,46373300,1.93,11.5
British Indian Ocean Territory,60,Unknown,Unknown,Unknown,Unknown,Unknown,Unknown,Unknown,Unknown,Unknown,Unknown,Unknown,Unknown,Unknown,Unknown,Unknown,Unknown,Unknown,Unknown,Unknown,Unknown,Unknown,Unknown,Unknown,Unknown,Unknown,Unknown,Unknown,Unknown,Unknown,Unknown,Unknown,Unknown,Unknown,Unknown,Unknown,Unknown,Unknown
British Virgin Islands,153,14.96,Unknown,4.42,36100000,33740000,36280000,25300000,2498000000,38500,1,Unknown,Unknown,177,187000000,2.5,Unknown,4000,Unknown,12770,Unknown,Unknown,Unknown,Unknown,Unknown,420,Unknown,Unknown,Unknown,Unknown,22643,Unknown,Unknown,Unknown,11700,8000,1.72,3
Brunei,5770,19.01,Unknown,3.42,Unknown,2286000000,2458000000,7700000000,6842000000,23600,3.2,0.1,200,2525,5200000000,0.3,6409,35000,Unknown,158000,1350000000,9000000000,Unknown,10350000000,3.15E+11,13000,199000,Unknown,204000,1255000000,372361,Unknown,Unknown,Unknown,90000,137000,2.3,3.2
Bulgaria,110910,9.66,682900000,14.26,16100000000,32710000000,43070000000,9134000000,61630000000,8200,5.3,0.1,100,37077,12230000000,6.1,53421,630000,18.6,3398000,5804000000,Unknown,5800000000,4000000,3724000000,94000,Unknown,Unknown,603,8100000,7450349,41.9,4294,7526000000,2868200,2597500,1.38,12.7
Burkina Faso,274200,44.17,-471700000,18.86,1300000000,335700000,361000000,418600000,15740000000,1200,4.8,4.2,29000,12506,866300000,2.4,442,48000,29.1,5000000,Unknown,Unknown,Unknown,Unknown,Unknown,8000,Unknown,Unknown,Unknown,Unknown,13925313,Unknown,622,474900000,65400,227000,6.23,Unknown
Burma,678500,18.11,-185000000,12.15,6752000000,3484000000,5068000000,2137000000,74300000000,1700,-1.3,1.2,20000,28200,1754000000,17.2,3,28000,10.2,27010000,1569000000,8424000000,Unknown,9980000000,2.46E+12,60950,3356,49230,17550,3200000000,42909464,Unknown,3955,590000000,357300,66500,2.01,5.2
Burundi,27830,39.66,-59500000,17.43,1133000000,137800000,132000000,31840000,4001000000,600,3,6,25000,14480,138200000,8.5,22,14000,10.7,2990000,Unknown,Unknown,Unknown,Unknown,Unknown,2750,Unknown,Unknown,Unknown,Unknown,6370609,Unknown,Unknown,76890000,23900,64000,5.81,Unknown
Cambodia,181040,27.08,-316200000,8.97,2400000000,100600000,122000000,2311000000,26990000000,2000,5.4,2.6,15000,12323,3129000000,3.1,818,30000,20.9,7000000,Unknown,Unknown,Unknown,Unknown,Unknown,7200,Unknown,Unknown,Unknown,Unknown,13607069,Unknown,602,997500000,35400,380000,3.44,2.5
Cameroon,475440,34.67,-149100000,15.4,8460000000,3321000000,3571000000,2445000000,30170000000,1900,4.9,6.9,49000,34300,1979000000,1,479,60000,16.1,6680000,Unknown,Unknown,Unknown,Unknown,55220000000,22000,Unknown,Unknown,94000,80000000,16380005,69.1,1008,687500000,110900,1077000,4.47,30
Canada,9984670,10.84,28200000000,7.73,5.70E+11,4.87E+11,5.49E+11,3.16E+11,1.02E+12,31500,2.4,0.3,1500,1408800,2.56E+11,1.9,3210081,16110000,19.4,17370000,55800000000,91520000000,8730000000,1.66E+11,1.69E+12,2200000,1370000,987000,3110000,1.79E+11,32805041,Unknown,48909,36270000000,19950900,13221800,1.61,7
Cape Verde,4033,25.33,-93760000,6.62,325000000,40060000,43080000,61110000,600000000,1400,5,0.04,225,1100,387300000,1.5,118,20400,19.2,Unknown,Unknown,Unknown,Unknown,Unknown,Unknown,2000,Unknown,Unknown,Unknown,Unknown,418224,Unknown,Unknown,112700000,71700,53300,3.48,21
Cayman Islands,262,12.92,Unknown,4.81,70000000,382100000,410800000,1200000,1391000000,32300,1.7,Unknown,Unknown,785,457400000,2.8,Unknown,9909,Unknown,19820,Unknown,Unknown,Unknown,Unknown,Unknown,2400,Unknown,Unknown,Unknown,Unknown,44270,Unknown,Unknown,Unknown,38000,17000,1.9,4.1
Central African Republic,622984,35.17,Unknown,20.27,881400000,98580000,106000000,172000000,4248000000,1100,0.5,13.5,23000,23810,136000000,3.6,6,5000,Unknown,Unknown,Unknown,Unknown,Unknown,Unknown,Unknown,2400,Unknown,Unknown,Unknown,Unknown,3799897,Unknown,Unknown,Unknown,9000,13000,4.5,8
Chad,1284000,45.98,330200000,16.41,1100000000,89400000,96130000,365000000,15660000000,1600,38,4.8,18000,33400,500700000,8,8,15000,24.7,Unknown,Unknown,Unknown,Unknown,Unknown,Unknown,1500,Unknown,Unknown,200000,Unknown,9826419,Unknown,Unknown,652700000,11800,65000,6.32,Unknown
Chile,756950,15.44,2185000000,5.76,44600000000,41800000000,48600000000,29200000000,1.69E+11,10700,5.8,0.3,1400,79605,22530000000,2.4,202429,3575000,23.9,6200000,6517000000,Unknown,5337000000,1180000000,99050000000,240000,Unknown,221500,18500,150000000,15980912,12.8,6585,16020000000,3467000,6445700,2.02,8.5
China,9596960,13.14,30320000000,6.94,2.33E+11,1.63E+12,1.91E+12,5.83E+11,7.26E+12,5600,9.1,0.1,44000,1765222,5.52E+11,4.1,160421,94000000,46,760800000,29180000000,Unknown,Unknown,35000000000,2.23E+12,4956000,427800,2414000,3392000,17740000000,1306313812,31.4,70058,6.10E+11,263000000,269000000,1.72,9.8
Christmas Island,135,Unknown,Unknown,Unknown,Unknown,Unknown,Unknown,Unknown,Unknown,Unknown,Unknown,Unknown,Unknown,240,Unknown,Unknown,Unknown,Unknown,Unknown,Unknown,Unknown,Unknown,Unknown,Unknown,Unknown,Unknown,Unknown,Unknown,Unknown,Unknown,361,Unknown,Unknown,Unknown,Unknown,Unknown,Unknown,Unknown
Clipperton Island,6,Unknown,Unknown,Unknown,Unknown,Unknown,Unknown,Unknown,Unknown,Unknown,Unknown,Unknown,Unknown,Unknown,Unknown,Unknown,Unknown,Unknown,Unknown,Unknown,Unknown,Unknown,Unknown,Unknown,Unknown,Unknown,Unknown,Unknown,Unknown,Unknown,Unknown,Unknown,Unknown,Unknown,Unknown,Unknown,Unknown,Unknown
Cocos (Keeling) Islands,14,Unknown,Unknown,Unknown,Unknown,Unknown,Unknown,Unknown,Unknown,Unknown,Unknown,Unknown,Unknown,15,Unknown,Unknown,Unknown,Unknown,Unknown,Unknown,Unknown,Unknown,Unknown,Unknown,Unknown,Unknown,Unknown,Unknown,Unknown,Unknown,628,Unknown,Unknown,Unknown,287,Unknown,Unknown,60
Colombia,1138910,20.82,-1706000000,5.59,38700000000,41140000000,44870000000,15500000000,2.81E+11,6600,3.6,0.7,3600,112998,15340000000,5.9,115158,2732200,15.8,20700000,5700000000,Unknown,Unknown,5700000000,1.32E+11,252000,Unknown,Unknown,531100,1700000000,42954279,51.8,3304,11940000000,8768100,6186200,2.56,13.6
Comoros,2170,37.52,Unknown,8.4,232000000,22170000,23840000,28000000,441000000,700,2,0.12,Unknown,880,88000000,3.5,11,5000,Unknown,144500,Unknown,Unknown,Unknown,Unknown,Unknown,700,Unknown,Unknown,Unknown,Unknown,671247,Unknown,Unknown,Unknown,13200,2000,5.09,20
Democratic Republic of the Congo,2345410,44.38,Unknown,14.43,11600000000,4168000000,6086000000,1417000000,42740000000,700,7.5,4.2,100000,157000,933000000,14,153,50000,Unknown,14510000,Unknown,Unknown,Unknown,Unknown,1.05E+11,14000,Unknown,Unknown,24000,1538000000,60085804,Unknown,5138,Unknown,10000,1000000,6.54,Unknown
Congo,342000,27.88,266000000,14.82,5000000000,573600000,348000000,2224000000,2324000000,800,3.7,4.9,9700,12800,749300000,1.8,46,15000,25.8,Unknown,Unknown,Unknown,Unknown,Unknown,495500000,5000,Unknown,Unknown,227000,93500000,3039126,Unknown,894,40420000,7000,330000,3.54,Unknown
Cook Islands,240,Unknown,Unknown,Unknown,141000000,25110000,27000000,9100000,105000000,5000,7.1,Unknown,Unknown,320,50700000,3.2,Unknown,3600,Unknown,8000,Unknown,Unknown,Unknown,Unknown,Unknown,450,Unknown,Unknown,Unknown,Unknown,21388,Unknown,Unknown,Unknown,6200,1500,Unknown,13
Costa Rica,51100,18.6,-980300000,4.33,5962000000,5733000000,6614000000,6184000000,37970000000,9600,3.9,0.6,900,35303,7842000000,11.5,10826,800000,19.2,1810000,Unknown,Unknown,Unknown,Unknown,Unknown,37000,Unknown,Unknown,Unknown,Unknown,4016173,58,950,1736000000,1132000,528047,2.28,6.6
Côte d'Ivoire,322460,35.51,-421500000,14.94,11810000000,2976000000,4759000000,5124000000,24780000000,1500,-1,7,47000,50400,3360000000,1.4,3795,90000,11.3,6700000,1350000000,Unknown,Unknown,1350000000,14870000000,32000,Unknown,Unknown,29300,220000000,17298040,74.8,660,1950000000,328000,1236000,4.58,13
Croatia,56542,9.57,-1925000000,11.38,26400000000,15200000000,12510000000,7845000000,50330000000,11200,3.7,0.1,10,28344,16700000000,2.5,29644,1014000,28.6,1710000,2840000000,Unknown,1080000000,1760000000,34360000000,89000,Unknown,Unknown,21000,93600000,4495904,41.7,2726,8563000000,1825000,2553000,1.39,13.8
Cuba,110860,12.03,-185100000,7.19,12090000000,13400000000,14410000000,2104000000,33920000000,3000,3,0.1,200,60858,5296000000,3.1,1529,120000,11.2,4550000,600000000,Unknown,Unknown,600000000,42620000000,163000,Unknown,Unknown,77900,532000000,11346670,Unknown,4226,738600000,574400,17900,1.66,2.5
Cyprus,9250,12.57,-619900000,7.64,7327000000,602000000,4000000000,49300000,4540000000,7135,2.6,0.1,Unknown,13943,415200000,2.4,5901,210000,17.9,95025,Unknown,Unknown,Unknown,Unknown,Unknown,49000,Unknown,Unknown,300,Unknown,780133,74.9,Unknown,941600000,86228,143178,1.83,3.2
Czech Republic,78866,9.07,-5730000000,10.54,36280000000,55330000000,71750000000,66510000000,1.72E+11,16800,3.7,0.1,10,127204,68190000000,3.2,295677,2700000,29,5250000,9892000000,1000000,9521000000,160000000,3057000000,175700,26670,192300,7419,17250000,10241138,33.5,9520,32780000000,3626000,9708700,1.2,10.6
Denmark,43094,11.36,6529000000,10.43,21700000000,31630000000,36380000000,73060000000,1.74E+11,32200,2.1,0.2,100,71847,63450000000,1.4,1219925,2756000,19.8,2870000,5280000000,3100000000,Unknown,8380000000,81980000000,218000,332100,195000,346200,1230000000,5432335,42.5,3002,37980000000,3610100,4785300,1.74,6.2
Dhekelia,131,Unknown,Unknown,Unknown,Unknown,Unknown,Unknown,Unknown,Unknown,Unknown,Unknown,Unknown,Unknown,Unknown,Unknown,Unknown,Unknown,Unknown,Unknown,Unknown,Unknown,Unknown,Unknown,Unknown,Unknown,Unknown,Unknown,Unknown,Unknown,Unknown,Unknown,Unknown,Unknown,Unknown,Unknown,Unknown,Unknown,Unknown
Djibouti,23000,39.98,Unknown,19.39,366000000,167400000,180000000,155000000,619000000,1300,3.5,2.9,690,2890,665000000,2,702,6500,Unknown,282000,Unknown,Unknown,Unknown,Unknown,Unknown,11300,Unknown,Unknown,Unknown,Unknown,476703,Unknown,100,Unknown,9500,23000,5.4,50
Dominica,754,15.73,Unknown,6.81,161500000,63620000,68410000,39000000,384000000,5500,-1,Unknown,Unknown,780,98200000,1,681,12500,Unknown,25000,Unknown,Unknown,Unknown,Unknown,Unknown,600,Unknown,Unknown,Unknown,Unknown,69029,Unknown,Unknown,Unknown,23700,9400,1.96,23
Dominican Republic,48730,23.28,762200000,7.35,7745000000,8912000000,9583000000,5446000000,55680000000,6300,1.7,1.7,7900,12600,8093000000,55,64197,500000,18.9,Unknown,Unknown,Unknown,Unknown,Unknown,Unknown,129000,Unknown,129900,Unknown,Unknown,8950034,61.1,1743,426000000,901800,2120400,2.86,17
East Timor,15007,27.19,Unknown,6.3,Unknown,Unknown,Unknown,8000000,370000000,400,1,Unknown,Unknown,3800,167000000,4,Unknown,Unknown,Unknown,Unknown,Unknown,Unknown,Unknown,Unknown,Unknown,Unknown,Unknown,Unknown,Unknown,Unknown,1040880,Unknown,Unknown,Unknown,Unknown,Unknown,3.61,50
Ecuador,283560,22.67,261100000,4.24,16810000000,75580000000,81270000000,7560000000,49510000000,3700,5.8,0.3,1700,43197,7650000000,2,3188,569700,20.6,4530000,160000000,Unknown,Unknown,160000000,1.07E+11,129000,387000,Unknown,523000,4408000000,13363593,49.2,966,1436000000,1549000,2394400,2.72,11.1
Egypt,1001450,23.32,2113000000,5.26,33750000000,75580000000,81270000000,11000000000,3.16E+11,4200,4.5,0.1,700,64000,19210000000,9.5,3401,2700000,15.8,20710000,21200000000,Unknown,Unknown,21200000000,1.26E+12,562000,Unknown,Unknown,740000,2700000000,77505756,102.7,5063,14030000000,8735700,5797500,2.88,10.9
El Salvador,21040,27.04,-880500000,5.85,4792000000,4450000000,4158000000,3249000000,32350000000,4900,1.8,0.7,2200,10029,5968000000,5.4,4084,550000,16.6,2750000,Unknown,Unknown,Unknown,Unknown,Unknown,39000,Unknown,Unknown,Unknown,Unknown,6704932,41.7,283,1888000000,752600,1149800,3.16,6.3
Equatorial Guinea,28051,36.18,-578600000,12,248000000,24820000,26690000,2771000000,1270000000,2700,20,3.4,370,2880,1167000000,8.5,3,1800,50.8,Unknown,20000000,Unknown,Unknown,20000000,68530000000,2000,Unknown,Unknown,350000,563500000,535881,Unknown,Unknown,235200000,9600,41500,4.62,30
Eritrea,121320,38.62,-144900000,13.53,311000000,229400000,246600000,64440000,4154000000,900,2.5,2.7,6300,4010,622000000,10,1047,9500,26.3,Unknown,Unknown,Unknown,Unknown,Unknown,Unknown,6000,Unknown,Unknown,Unknown,Unknown,4561599,Unknown,306,30870000,38100,Unknown,5.61,Unknown
Estonia,45226,9.91,-1169000000,13.21,8373000000,6358000000,8301000000,5701000000,19230000000,14300,6,1.1,200,55944,7318000000,3,82142,444000,28.2,660000,1270000000,Unknown,1270000000,Unknown,Unknown,24000,Unknown,Unknown,5100,Unknown,1332893,5.4,958,1503000000,475000,881000,1.39,9.6
Ethiopia,1127127,38.61,-464400000,15.06,2900000000,1998000000,2149000000,562800000,54890000000,800,11.6,4.4,120000,33297,2104000000,2.4,9,75000,17.8,Unknown,Unknown,Unknown,Unknown,Unknown,12460000000,23000,Unknown,Unknown,Unknown,214000,73053286,Unknown,681,923100000,435000,97800,5.33,Unknown
Europa Island,28,Unknown,Unknown,Unknown,Unknown,Unknown,Unknown,Unknown,Unknown,Unknown,Unknown,Unknown,Unknown,Unknown,Unknown,Unknown,Unknown,Unknown,Unknown,Unknown,Unknown,Unknown,Unknown,Unknown,Unknown,Unknown,Unknown,Unknown,Unknown,Unknown,Unknown,Unknown,Unknown,Unknown,Unknown,Unknown,Unknown,Unknown
#European Union,3976372,10.1,Unknown,10.1,Unknown,2.66E+12,2.89E+12,1.11E+12,1.17E+13,26900,2.4,Unknown,Unknown,4634810,1.12E+12,2.1,22000414,206032067,19.5,215000000,4.68E+11,78100000000,2.98E+11,2.43E+11,3.26E+12,14540000,5322000,15690000,2648000,28210000000,457030418,Unknown,222293,Unknown,238763162,314644700,1.48,9.5
Falkland Islands (Islas Malvinas),12173,Unknown,Unknown,Unknown,Unknown,17720000,19060000,82000000,75000000,25000,Unknown,Unknown,Unknown,440,53000000,3.6,Unknown,Unknown,Unknown,1100,Unknown,Unknown,Unknown,Unknown,Unknown,200,Unknown,Unknown,Unknown,Unknown,2967,Unknown,Unknown,Unknown,2400,Unknown,Unknown,Unknown
Faroe Islands,1399,13.97,Unknown,8.69,64000000,204600000,220000000,408000000,1000000000,22000,10,Unknown,Unknown,463,466000000,5.1,Unknown,25000,Unknown,24250,Unknown,Unknown,Unknown,Unknown,Unknown,4500,Unknown,Unknown,Unknown,Unknown,46962,Unknown,Unknown,Unknown,23000,30700,2.2,1
Fiji,18270,22.73,Unknown,5.65,188100000,697500000,750000000,609000000,5173000000,5900,3.6,0.1,200,3440,835000000,1.6,493,55000,Unknown,137000,Unknown,Unknown,Unknown,Unknown,Unknown,5700,Unknown,Unknown,Unknown,Unknown,893354,Unknown,597,Unknown,102000,109900,2.75,7.6
Finland,338145,10.5,11390000000,9.79,30000000000,78580000000,71590000000,61040000000,1.51E+11,29000,3,0.1,100,78197,45170000000,0.7,1219173,2650000,18.3,2660000,4557000000,Unknown,4567000000,Unknown,Unknown,211400,101000,318300,Unknown,Unknown,5223442,46.8,5851,11170000000,2548000,4700000,1.73,8.9
France,547030,12.15,-305000000,9.08,Unknown,4.15E+11,5.29E+11,4.19E+11,1.74E+12,28700,2.1,0.4,1000,893100,4.20E+11,2.3,2396761,21900000,19.2,27700000,42010000000,1725000000,40260000000,1898000000,12860000000,2026000,409600,2281000,34920,144300000,60656178,67.7,32175,70760000000,33905400,41683100,1.85,10.1
French Guiana,91000,20.7,Unknown,4.85,1200000000,427900000,460100000,155000000,1551000000,8300,Unknown,Unknown,Unknown,817,625000000,1.5,Unknown,3200,Unknown,58800,Unknown,Unknown,Unknown,Unknown,Unknown,6500,Unknown,Unknown,Unknown,Unknown,195506,Unknown,Unknown,Unknown,51000,138200,3.01,22
French Polynesia,4167,16.93,Unknown,4.63,Unknown,353400000,380000000,244000000,4580000000,17500,Unknown,Unknown,Unknown,2590,1341000000,1.5,5123,35000,Unknown,70000,Unknown,Unknown,Unknown,Unknown,Unknown,4750,Unknown,Unknown,Unknown,Unknown,270485,Unknown,Unknown,Unknown,52500,90000,2.04,11.8
French Southern and Antarctic Lands,7829,Unknown,Unknown,Unknown,Unknown,Unknown,Unknown,Unknown,Unknown,Unknown,Unknown,Unknown,Unknown,Unknown,Unknown,Unknown,Unknown,Unknown,Unknown,Unknown,Unknown,Unknown,Unknown,Unknown,Unknown,Unknown,Unknown,Unknown,Unknown,Unknown,Unknown,Unknown,Unknown,Unknown,Unknown,Unknown,Unknown,Unknown
Gabon,267667,36.24,196800000,11.72,3804000000,1080000000,1161000000,3710000000,7966000000,5900,1.9,8.1,3000,8464,1225000000,1.5,93,35000,21.8,650000,80000000,Unknown,Unknown,80000000,66470000000,13000,Unknown,Unknown,264900,2022000000,1389201,29.3,814,268600000,38400,300000,4.77,21
Gambia The,11300,39.86,-16400000,11.81,476000000,83990000,90310000,114400000,2799000000,1800,6,1.2,600,2700,180900000,7,568,25000,25.3,400000,Unknown,Unknown,Unknown,Unknown,Unknown,1900,Unknown,Unknown,Unknown,Unknown,1593256,Unknown,Unknown,113100000,38400,100000,5.38,Unknown
Gaza Strip,360,40.03,Unknown,3.87,108000000,Unknown,Unknown,205000000,768000000,600,4.5,Unknown,Unknown,Unknown,1900000000,2.2,Unknown,60000,Unknown,725000,Unknown,Unknown,Unknown,Unknown,Unknown,Unknown,Unknown,Unknown,Unknown,Unknown,1376289,Unknown,Unknown,Unknown,95729,320000,5.91,50
Georgia,69700,10.25,-632900000,9.09,1800000000,6811000000,6732000000,909400000,14450000000,3100,9.5,0.1,200,20229,1806000000,5.5,5160,150500,18.5,2100000,1160000000,Unknown,1100000000,60000000,Unknown,31500,Unknown,Unknown,2000,Unknown,4677401,Unknown,1612,231400000,650500,522300,1.41,17
Germany,357021,8.33,73590000000,10.55,Unknown,5.20E+11,5.60E+11,8.93E+11,2.36E+12,28700,1.7,0.1,1000,230735,7.17E+11,1.6,2686119,39000000,17.6,42630000,99550000000,7731000000,85020000000,21000000000,2.93E+11,2891000,12990,2135000,74100,395800000,82431390,65.8,46039,96840000000,54350000,64800000,1.39,10.6
Ghana,239460,23.97,83870000,10.84,7396000000,6137000000,6922000000,3010000000,48270000000,2300,5.4,3.1,30000,46176,3699000000,13,407,170000,19.7,10240000,Unknown,Unknown,Unknown,Unknown,11890000000,38000,Unknown,Unknown,7000,8255000,21029853,Unknown,953,1267000000,302300,799900,3.02,20
Gibraltar,7,10.87,Unknown,9.18,Unknown,96760000,104000000,136000000,769000000,27900,Unknown,Unknown,Unknown,29,1743000000,1.5,Unknown,6200,Unknown,14800,Unknown,Unknown,Unknown,Unknown,Unknown,42000,Unknown,Unknown,Unknown,Unknown,27884,Unknown,Unknown,Unknown,24512,9797,1.65,2
Glorioso Islands,5,Unknown,Unknown,Unknown,Unknown,Unknown,Unknown,Unknown,Unknown,Unknown,Unknown,Unknown,Unknown,Unknown,Unknown,Unknown,Unknown,Unknown,Unknown,Unknown,Unknown,Unknown,Unknown,Unknown,Unknown,Unknown,Unknown,Unknown,Unknown,Unknown,Unknown,Unknown,Unknown,Unknown,Unknown,Unknown,Unknown,Unknown
Greece,131940,9.72,-8000000000,10.15,67230000000,47420000000,47220000000,15500000000,2.26E+11,21300,3.7,0.2,100,117000,54280000000,2.9,208977,1718400,27,4400000,2021000000,Unknown,2018000000,35000000,254900000,405700,84720,468300,5992,4500000,10668354,112,2571,7300000000,5205100,8936200,1.33,10
Greenland,2166086,15.93,Unknown,7.77,25000000,227900000,245000000,388000000,1100000000,20000,1.8,Unknown,Unknown,Unknown,445000000,1.6,2642,20000,Unknown,24500,Unknown,Unknown,Unknown,Unknown,Unknown,3700,Unknown,Unknown,Unknown,Unknown,56375,Unknown,Unknown,Unknown,26000,16747,2.41,10
Grenada,344,22.3,Unknown,7.17,196000000,138600000,149000000,46000000,440000000,5000,2.5,Unknown,Unknown,1040,208000000,2.8,18,15000,Unknown,42300,Unknown,Unknown,Unknown,Unknown,Unknown,1000,Unknown,Unknown,Unknown,Unknown,89502,Unknown,Unknown,Unknown,33500,7600,2.37,12.5
Guadeloupe,1780,15.42,Unknown,6.06,Unknown,1079000000,1160000000,140000000,3513000000,7900,Unknown,Unknown,Unknown,947,1700000000,Unknown,Unknown,20000,Unknown,125900,Unknown,Unknown,Unknown,Unknown,Unknown,13000,Unknown,Unknown,Unknown,Unknown,448713,Unknown,Unknown,Unknown,210000,323500,1.91,27.8
Guam,549,19.03,Unknown,4.41,Unknown,776600000,835000000,38000000,3200000000,21000,Unknown,Unknown,Unknown,977,462000000,0,Unknown,50000,Unknown,60000,Unknown,Unknown,Unknown,Unknown,Unknown,20000,Unknown,Unknown,Unknown,Unknown,168564,Unknown,Unknown,Unknown,84134,32600,2.6,15
Guatemala,108890,34.11,-1381000000,6.81,5969000000,5760000000,6608000000,2911000000,59470000000,4200,2.6,1.1,5800,14118,7770000000,7.2,20360,400000,14.9,3680000,Unknown,Unknown,Unknown,Unknown,1543000000,61000,3104,Unknown,25000,263000000,14655189,32,886,3084000000,846000,1577100,4.53,7.5
Guernsey,78,9.01,Unknown,9.95,Unknown,Unknown,Unknown,Unknown,2590000000,40000,3,Unknown,Unknown,Unknown,Unknown,4.9,Unknown,Unknown,Unknown,32290,Unknown,Unknown,Unknown,Unknown,Unknown,Unknown,Unknown,Unknown,Unknown,Unknown,65228,Unknown,Unknown,Unknown,55000,31500,1.38,0.5
Guinea,245857,42.03,-308300000,15.38,3250000000,795200000,855000000,709200000,19500000000,2100,1,3.2,9000,30500,641500000,18,380,40000,21,3000000,Unknown,Unknown,Unknown,Unknown,Unknown,8600,Unknown,Unknown,Unknown,Unknown,9467866,Unknown,837,201700000,26200,111500,5.83,Unknown
Guinea-Bissau,36120,37.65,Unknown,16.53,941500000,51150000,55000000,54000000,1008000000,700,2.6,10,1200,4400,104000000,4,2,19000,Unknown,480000,Unknown,Unknown,Unknown,Unknown,Unknown,2500,Unknown,Unknown,Unknown,Unknown,1416027,Unknown,Unknown,Unknown,10600,1300,4.93,Unknown
Guyana,214970,18.45,-129400000,8.32,1200000000,751400000,808000000,570200000,2899000000,3800,1.9,2.5,1100,7970,650100000,4.5,613,125000,34.5,418000,Unknown,Unknown,Unknown,Unknown,Unknown,11000,Unknown,Unknown,Unknown,Unknown,765283,Unknown,187,280600000,80400,87300,2.05,Unknown
Haiti,27750,36.59,-27630000,12.34,1200000000,574700000,618000000,338100000,12050000000,1500,-3.5,5.6,24000,4160,1085000000,22,Unknown,80000,Unknown,3600000,Unknown,Unknown,Unknown,Unknown,Unknown,11000,Unknown,Unknown,Unknown,Unknown,8121622,Unknown,Unknown,80640000,130000,140000,5.02,Unknown
Heard Island and McDonald Islands,412,Unknown,Unknown,Unknown,Unknown,Unknown,Unknown,Unknown,Unknown,Unknown,Unknown,Unknown,Unknown,Unknown,Unknown,Unknown,Unknown,Unknown,Unknown,Unknown,Unknown,Unknown,Unknown,Unknown,Unknown,Unknown,Unknown,Unknown,Unknown,Unknown,Unknown,Unknown,Unknown,Unknown,Unknown,Unknown,Unknown,Unknown
Holy See (Vatican City),Unknown,Unknown,Unknown,Unknown,Unknown,Unknown,Unknown,Unknown,Unknown,Unknown,Unknown,Unknown,Unknown,Unknown,Unknown,Unknown,9,Unknown,Unknown,Unknown,Unknown,Unknown,Unknown,Unknown,Unknown,Unknown,Unknown,Unknown,Unknown,Unknown,921,Unknown,Unknown,Unknown,Unknown,Unknown,Unknown,Unknown
Honduras,112090,30.38,258300000,6.87,5365000000,3771000000,3626000000,1457000000,18790000000,2800,4.2,1.8,4100,13603,3332000000,7,1944,168600,24.1,2470000,Unknown,Unknown,Unknown,Unknown,Unknown,29000,Unknown,Unknown,Unknown,Unknown,6975204,74.1,699,1464000000,322500,326500,3.87,28.5
Hong Kong,1092,7.23,14850000000,5.98,4.18E+11,38450000000,35510000000,2.68E+11,2.35E+11,34200,7.9,0.1,200,1831,2.76E+11,-0.3,591993,3212800,22.7,3540000,680900000,Unknown,680900000,Unknown,Unknown,257000,Unknown,Unknown,Unknown,Unknown,6898686,2.1,Unknown,1.24E+11,3801300,7241400,0.91,6.7
Howland Island,2,Unknown,Unknown,Unknown,Unknown,Unknown,Unknown,Unknown,Unknown,Unknown,Unknown,Unknown,Unknown,Unknown,Unknown,Unknown,Unknown,Unknown,Unknown,Unknown,Unknown,Unknown,Unknown,Unknown,Unknown,Unknown,Unknown,Unknown,Unknown,Unknown,Unknown,Unknown,Unknown,Unknown,Unknown,Unknown,Unknown,Unknown
Hungary,93030,9.76,-7941000000,13.19,57000000000,35990000000,34070000000,54620000000,1.49E+11,14900,3.9,0.1,100,159568,58680000000,7,383071,1600000,22.8,4170000,13370000000,4000000,9587000000,3231000000,50450000000,140700,47180,136600,41190,110700000,10006835,58.3,7937,14800000000,3666400,6862800,1.32,5.9
Iceland,103000,13.73,-570000000,6.68,3073000000,7692000000,8271000000,2902000000,9373000000,31900,1.8,0.2,100,13004,3307000000,4,122175,195000,23.8,158100,Unknown,Unknown,Unknown,Unknown,Unknown,16300,Unknown,15470,Unknown,Unknown,296737,35.9,Unknown,935000000,190700,279100,1.92,3.1
India,3287590,22.32,4897000000,8.28,1.17E+11,5.10E+11,5.47E+11,69180000000,3.32E+12,3100,6.2,0.9,310000,2525989,89330000000,4.2,86871,18481000,23.8,482200000,22750000000,Unknown,Unknown,22750000000,5.42E+11,2130000,Unknown,Unknown,780000,5700000000,1080264388,59.7,63140,1.26E+11,48917000,26154400,2.78,9.2
Indonesia,1919440,20.71,7338000000,6.25,1.42E+11,92350000000,1.10E+11,69860000000,8.27E+11,3500,4.9,0.1,2400,342700,45070000000,6.1,62036,8000000,16.6,111500000,55300000000,39700000000,Unknown,77600000000,2.55E+12,1183000,518100,370500,971000,4900000000,241973879,56.2,6458,35820000000,7750000,11700000,2.44,9.2
Iran,1648000,16.83,2100000000,5.55,13400000000,1.20E+11,1.29E+11,38790000000,5.17E+11,7700,6.3,0.1,800,167157,31300000000,15.5,5269,4300000,31.3,23000000,72400000000,3400000000,4920000000,79000000000,2.67E+13,1400000,2500000,Unknown,3962000,1.31E+11,68017860,27,7203,29870000000,14571100,3376500,1.82,11.2
Iraq,437072,32.5,-560000000,5.49,1.25E+11,33700000000,32600000000,10100000000,89800000000,3500,52.3,0.1,Unknown,45550,9900000000,25.4,Unknown,25000,Unknown,6700000,2350000000,Unknown,Unknown,2350000000,3.15E+12,383000,1490000,Unknown,2250000,1.13E+11,26074906,Unknown,1963,Unknown,675000,20000,4.28,25
Ireland,70280,14.47,-2881000000,7.85,11000000000,21780000000,22880000000,1.04E+11,1.26E+11,31900,5.1,0.1,100,95736,60650000000,2.2,162228,1260000,23.8,1920000,4199000000,Unknown,3384000000,815000000,9911000000,174400,27450,178600,Unknown,Unknown,4015676,31.2,3312,4152000000,1955000,3400000,1.87,4.3
Israel,20770,18.21,211900000,6.18,74460000000,38300000000,42670000000,34410000000,1.29E+11,20800,3.9,0.1,100,16903,36840000000,0,437516,2000000,17.6,2680000,10000000,Unknown,Unknown,10000000,20810000000,260000,Unknown,Unknown,80,1920000,6276883,104.5,640,28480000000,3006000,6334000,2.44,10.7
Italy,301230,8.89,-21100000000,10.3,9.14E+11,2.94E+11,2.62E+11,3.36E+11,1.61E+12,27700,1.3,0.5,1000,479688,3.29E+11,2.3,1437511,18500000,19.3,24270000,71180000000,61000000,54780000000,15490000000,2.10E+11,1866000,456600,2158000,79460,586600000,58103033,105.6,19507,61500000000,26596000,55918000,1.28,8.6
Jamaica,10991,16.56,-830700000,5.37,5964000000,5849000000,6289000000,1679000000,11130000000,4100,1.9,1.2,900,18700,3624000000,12.4,1480,600000,32,1140000,Unknown,Unknown,Unknown,Unknown,Unknown,66000,Unknown,Unknown,Unknown,Unknown,2731832,146.1,272,1400000000,444400,1400000,1.95,15
Jan Mayen,373,Unknown,Unknown,Unknown,Unknown,Unknown,Unknown,Unknown,Unknown,Unknown,Unknown,Unknown,Unknown,Unknown,Unknown,Unknown,Unknown,Unknown,Unknown,Unknown,Unknown,Unknown,Unknown,Unknown,Unknown,Unknown,Unknown,Unknown,Unknown,Unknown,Unknown,Unknown,Unknown,Unknown,Unknown,Unknown,Unknown,Unknown
Japan,377835,9.47,1.70E+11,8.95,Unknown,9.71E+11,1.04E+12,5.39E+11,3.75E+12,29400,2.9,0.1,500,1171647,4.02E+11,-0.1,12962065,57200000,24,66970000,80420000000,Unknown,77730000000,2519000000,20020000000,5290000,93360,5449000,17330,29290000,127417244,164.3,23705,6.65E+11,71149000,86658600,1.39,4.7
Jarvis Island,5,Unknown,Unknown,Unknown,Unknown,Unknown,Unknown,Unknown,Unknown,Unknown,Unknown,Unknown,Unknown,Unknown,Unknown,Unknown,Unknown,Unknown,Unknown,Unknown,Unknown,Unknown,Unknown,Unknown,Unknown,Unknown,Unknown,Unknown,Unknown,Unknown,Unknown,Unknown,Unknown,Unknown,Unknown,Unknown,Unknown,Unknown
Jersey,116,9.66,Unknown,9.19,Unknown,630100000,Unknown,Unknown,3600000000,40000,Unknown,Unknown,Unknown,577,Unknown,5.3,Unknown,Unknown,Unknown,52790,Unknown,Unknown,Unknown,Unknown,Unknown,Unknown,Unknown,Unknown,Unknown,Unknown,90812,Unknown,Unknown,Unknown,73900,61400,1.57,0.9
Johnston Atoll,3,Unknown,Unknown,Unknown,Unknown,Unknown,Unknown,Unknown,Unknown,Unknown,Unknown,Unknown,Unknown,Unknown,Unknown,Unknown,Unknown,Unknown,Unknown,Unknown,Unknown,Unknown,Unknown,Unknown,Unknown,Unknown,Unknown,Unknown,Unknown,Unknown,361,Unknown,Unknown,Unknown,Unknown,Unknown,Unknown,Unknown
Jordan,92300,21.76,203200000,2.63,7320000000,7094000000,7307000000,3200000000,25500000000,4500,5.1,0.1,500,7301,7600000000,3.2,3160,457000,11.6,1410000,290000000,Unknown,Unknown,290000000,3256000000,103000,Unknown,100000,40,445000,5759732,85.8,505,5457000000,622600,1325300,2.71,15
Juan de Nova Island,4,Unknown,Unknown,Unknown,Unknown,Unknown,Unknown,Unknown,Unknown,Unknown,Unknown,Unknown,Unknown,Unknown,Unknown,Unknown,Unknown,Unknown,Unknown,Unknown,Unknown,Unknown,Unknown,Unknown,Unknown,Unknown,Unknown,Unknown,Unknown,Unknown,Unknown,Unknown,Unknown,Unknown,Unknown,Unknown,Unknown,Unknown
Kazakhstan,2717300,15.78,-39020000,9.46,26030000000,62210000000,66820000000,18470000000,1.18E+11,7800,9.1,0.2,200,82980,13070000000,6.9,21984,250000,23.9,7950000,14300000000,11010000000,8696000000,11600000000,1.80E+12,189400,890000,47000,1200000,26000000000,15185844,13.7,13601,14350000000,2081900,1027000,1.89,8
Kenya,582650,40.13,-459200000,14.65,6792000000,4337000000,4475000000,2589000000,34680000000,1100,2.2,6.7,150000,63942,4190000000,9,8325,400000,14.7,11400000,Unknown,Unknown,Unknown,Unknown,Unknown,57000,Unknown,Unknown,Unknown,Unknown,33829590,74.3,2778,1500000000,328400,1590800,4.96,40
Kingman Reef,1,Unknown,Unknown,Unknown,Unknown,Unknown,Unknown,Unknown,Unknown,Unknown,Unknown,Unknown,Unknown,Unknown,Unknown,Unknown,Unknown,Unknown,Unknown,Unknown,Unknown,Unknown,Unknown,Unknown,Unknown,Unknown,Unknown,Unknown,Unknown,Unknown,Unknown,Unknown,Unknown,Unknown,Unknown,Unknown,Unknown,Unknown
Kiribati,811,30.86,Unknown,8.37,10000000,6510000,7000000,35000000,79000000,800,1.5,Unknown,Unknown,670,83000000,2.5,Unknown,2000,Unknown,7870,Unknown,Unknown,Unknown,Unknown,Unknown,190,Unknown,Unknown,Unknown,Unknown,103092,Unknown,Unknown,Unknown,4500,500,4.2,2
Korea North,120540,16.09,Unknown,7.05,12000000000,31260000000,33620000000,1200000000,30880000000,1400,1,Unknown,Unknown,31200,2100000000,Unknown,Unknown,Unknown,Unknown,9600000,Unknown,Unknown,Unknown,Unknown,Unknown,85000,Unknown,11500,Unknown,Unknown,22912177,Unknown,5214,Unknown,1100000,Unknown,2.15,Unknown
Korea South,98480,10.08,26780000000,6.26,1.60E+11,2.94E+11,3.23E+11,2.51E+11,9.25E+11,19200,4.6,0.1,200,86990,2.14E+11,3.6,694206,29220000,28.7,22900000,20920000000,Unknown,21110000000,Unknown,Unknown,2070000,630100,2263000,Unknown,Unknown,48422644,21.3,3125,1.99E+11,22877000,33591800,1.26,3.6
Kuwait,17820,21.88,12040000000,2.42,15020000000,30160000000,32430000000,27420000000,48000000000,21300,6.8,0.12,Unknown,4450,11120000000,2.3,3437,567000,8,1420000,8700000000,Unknown,Unknown,8700000000,1.55E+12,293000,1970000,Unknown,2319000,96500000000,2335648,29.6,Unknown,7333000000,486900,1420000,2.97,2.2
Kyrgyzstan,198500,22.48,-87920000,7.13,1970000000,10210000000,11720000000,646700000,8495000000,1700,6,0.1,200,18500,775100000,3.2,12299,152000,17,2700000,2016000000,Unknown,2000000000,16000000,Unknown,20000,Unknown,Unknown,2000,Unknown,5146281,Unknown,470,498700000,394800,53100,2.7,18
Laos,236800,35.99,-80760000,11.83,2490000000,3036000000,3560000000,365500000,11280000000,1900,6,0.1,200,21716,579500000,12.3,937,15000,Unknown,2600000,Unknown,Unknown,Unknown,Unknown,Unknown,2750,Unknown,Unknown,Unknown,Unknown,6217141,Unknown,Unknown,193100000,61900,55200,4.77,5.7
Latvia,64589,9.04,-1251000000,13.7,7368000000,5829000000,4547000000,3569000000,26530000000,11500,7.6,0.6,500,60472,5970000000,6,51758,936000,26.1,1170000,1700000000,Unknown,1700000000,Unknown,Unknown,44000,Unknown,Unknown,Unknown,Unknown,2290237,11.8,2303,1650000000,653900,1219600,1.26,8.8
Lebanon,10400,18.88,-2389000000,6.24,15840000000,8591000000,8066000000,1783000000,18830000000,5000,4,0.1,200,7300,8162000000,2,6998,400000,26,2600000,Unknown,Unknown,Unknown,Unknown,Unknown,107000,Unknown,Unknown,Unknown,Unknown,3826018,177.9,401,16300000000,678800,775100,1.92,18
Lesotho,30355,26.53,-108300000,25.03,735000000,308000000,314000000,484500000,5892000000,3200,3.3,28.9,29000,5940,730900000,5.3,119,21000,39.6,838000,Unknown,Unknown,Unknown,Unknown,Unknown,1500,Unknown,Unknown,Unknown,Unknown,1867035,Unknown,Unknown,402200000,28600,92000,3.35,45
Liberia,111370,44.22,Unknown,17.87,2100000000,454600000,488800000,1079000000,2903000000,900,21.8,5.9,7200,10600,5051000000,15,14,1000,Unknown,Unknown,Unknown,Unknown,Unknown,Unknown,Unknown,3100,Unknown,Unknown,Unknown,Unknown,3482211,Unknown,490,Unknown,7000,2000,6.09,85
Libya,1759540,26.82,9895000000,3.48,4069000000,19430000000,20890000000,18650000000,37480000000,6700,4.9,0.3,Unknown,83200,7224000000,2.9,67,160000,9.9,1590000,5410000000,770000000,Unknown,6180000000,1.32E+12,216000,Unknown,Unknown,1518000,38000000000,5765563,8.8,Unknown,24180000000,750000,100000,3.34,30
Liechtenstein,160,10.41,Unknown,7.06,Unknown,Unknown,Unknown,2470000000,825000000,25000,11,Unknown,Unknown,250,917300000,1,3727,20000,Unknown,29000,Unknown,Unknown,Unknown,Unknown,Unknown,Unknown,Unknown,Unknown,Unknown,Unknown,33717,Unknown,Unknown,Unknown,19900,11400,1.51,1.3
Lithuania,65200,8.62,-1600000000,10.92,10010000000,10170000000,17930000000,8880000000,45230000000,12500,6.6,0.1,200,77148,11020000000,1.1,67769,695700,21.9,1630000,2760000000,Unknown,2760000000,Unknown,Unknown,72000,Unknown,Unknown,4594,Unknown,3596617,25.2,1998,4610000000,824200,2169900,1.19,8
Luxembourg,2586,12.06,Unknown,8.41,Unknown,5735000000,2511000000,13400000000,27270000000,58900,2.3,0.2,100,5210,16300000000,2.4,28214,165000,19.8,293700,865000000,Unknown,867000000,Unknown,Unknown,50650,634,50700,Unknown,Unknown,468571,Unknown,274,Unknown,355400,473000,1.79,4.5
Macau,25,8.04,Unknown,4.23,2700000000,1772000000,1719000000,2580000000,9100000000,19400,15.6,Unknown,Unknown,341,2760000000,2,89,120000,Unknown,231500,Unknown,Unknown,Unknown,Unknown,Unknown,11190,Unknown,Unknown,Unknown,Unknown,449198,Unknown,Unknown,Unknown,174600,364000,0.93,4.7
Macedonia,25333,12,-311000000,8.73,1863000000,7216000000,6273000000,1629000000,14400000000,7100,1.3,0.1,100,8684,2677000000,0.4,3738,100000,17.5,855000,Unknown,Unknown,Unknown,Unknown,Unknown,22000,Unknown,Unknown,Unknown,Unknown,2045262,20,699,928000000,560000,365300,1.57,37.7
Madagascar,587040,41.66,-281900000,11.35,4600000000,781400000,840200000,868200000,14560000000,800,5.5,1.7,7500,49827,1147000000,7.5,773,70500,14.7,7300000,Unknown,Unknown,Unknown,Unknown,Unknown,13000,Unknown,Unknown,Unknown,Unknown,18040341,Unknown,732,500300000,59600,279500,5.66,Unknown
Malawi,118480,43.95,-55500000,23.39,3129000000,1012000000,1088000000,503400000,7410000000,600,4,14.2,84000,28400,521100000,12,18,36000,10.7,4500000,Unknown,Unknown,Unknown,Unknown,Unknown,5400,Unknown,Unknown,Unknown,Unknown,12158924,228.3,797,160500000,85000,135100,5.98,Unknown
Malaysia,329750,23.07,11810000000,5.06,53360000000,68400000000,75330000000,1.24E+11,2.29E+11,9700,7.1,0.4,2000,65877,99300000000,1.3,107971,8692100,21.7,10490000,31250000000,22410000000,Unknown,53660000000,2.23E+12,460000,230200,Unknown,785000,3200000000,23953136,45.4,2418,55270000000,4571600,11124100,3.07,3
Maldives,300,35.43,Unknown,7.24,281000000,115700000,124400000,90000000,1250000000,3900,2.3,0.1,Unknown,Unknown,392000000,1,532,15000,Unknown,88000,Unknown,Unknown,Unknown,Unknown,Unknown,3200,Unknown,Unknown,Unknown,Unknown,349106,Unknown,Unknown,Unknown,28700,41900,5.02,Unknown
Mali,1240000,46.77,Unknown,19.05,3300000000,651000000,700000000,915000000,11000000000,900,4,1.9,12000,15100,927000000,4.5,187,25000,Unknown,3930000,Unknown,Unknown,Unknown,Unknown,Unknown,4000,Unknown,Unknown,Unknown,Unknown,12291529,Unknown,729,Unknown,56600,250000,6.5,5.3
Malta,316,10.17,-241000000,8,130000000,2000000000,2150000000,2625000000,7223000000,18200,1,0.2,100,2222,3407000000,2.9,7156,120000,26.4,160000,Unknown,Unknown,Unknown,Unknown,Unknown,20000,Unknown,Unknown,Unknown,Unknown,398534,Unknown,Unknown,2865000000,208300,290000,1.5,7
Man Isle of,572,11.18,Unknown,11.26,Unknown,Unknown,Unknown,Unknown,2113000000,28500,Unknown,Unknown,Unknown,800,Unknown,3.6,Unknown,Unknown,Unknown,39690,Unknown,Unknown,Unknown,Unknown,Unknown,Unknown,Unknown,Unknown,Unknown,Unknown,75049,Unknown,61,Unknown,51000,Unknown,1.65,0.6
Marshall Islands,181,33.52,Unknown,4.88,86500000,Unknown,Unknown,9000000,115000000,1600,1,Unknown,Unknown,65,54000000,2,6,1400,Unknown,28700,Unknown,Unknown,Unknown,Unknown,Unknown,Unknown,Unknown,Unknown,Unknown,Unknown,59071,Unknown,Unknown,Unknown,4500,600,3.93,30.9
Martinique,1100,14.14,Unknown,6.44,180000000,1095000000,1178000000,250000000,6117000000,14400,Unknown,Unknown,Unknown,2105,2000000000,3.9,Unknown,40000,Unknown,165900,Unknown,Unknown,Unknown,Unknown,Unknown,13500,Unknown,Unknown,Unknown,Unknown,432900,Unknown,Unknown,Unknown,172000,319900,1.79,27.2
Mauritania,1030700,41.43,Unknown,12.44,2500000000,176900000,190200000,541000000,5534000000,1800,3,0.6,Unknown,7660,860000000,7,25,10000,Unknown,786000,Unknown,Unknown,Unknown,Unknown,Unknown,24000,Unknown,Unknown,Unknown,Unknown,3086859,Unknown,Unknown,Unknown,31500,300000,5.94,20
Mauritius,2040,15.62,284100000,6.83,1780000000,1707000000,1836000000,2012000000,15680000000,12800,4.7,0.1,100,2000,2245000000,4.5,3985,150000,22.5,560000,Unknown,Unknown,Unknown,Unknown,Unknown,21000,Unknown,Unknown,Unknown,Unknown,1230602,29.2,Unknown,1676000000,348200,462400,1.96,10.8
Mayotte,374,41.58,Unknown,7.9,Unknown,Unknown,Unknown,3440000,466800000,2600,Unknown,Unknown,Unknown,93,141300000,Unknown,Unknown,Unknown,Unknown,48800,Unknown,Unknown,Unknown,Unknown,Unknown,Unknown,Unknown,Unknown,Unknown,Unknown,193633,Unknown,Unknown,Unknown,10000,21700,5.89,38
Mexico,1972550,21.01,-4113000000,4.73,1.50E+11,1.90E+11,2.04E+11,1.82E+11,1.01E+12,9600,4.1,0.3,5000,329532,1.91E+11,5.4,1333406,10033000,19.4,34730000,55100000000,Unknown,7850000000,47300000000,4.20E+11,1752000,1863000,205000,3460000,18000000000,106202903,23.5,19510,60670000000,15958700,28125000,2.45,3.2
Micronesia Federated States of,702,25.11,Unknown,4.87,53100000,178600000,192000000,22000000,277000000,2000,1,Unknown,Unknown,240,149000000,1,Unknown,6000,Unknown,Unknown,Unknown,Unknown,Unknown,Unknown,Unknown,Unknown,Unknown,Unknown,Unknown,Unknown,108105,Unknown,Unknown,Unknown,10100,1800,3.25,16
Midway Islands,6,Unknown,Unknown,Unknown,Unknown,Unknown,Unknown,Unknown,Unknown,Unknown,Unknown,Unknown,Unknown,Unknown,Unknown,Unknown,Unknown,Unknown,Unknown,Unknown,Unknown,Unknown,Unknown,Unknown,Unknown,Unknown,Unknown,Unknown,Unknown,Unknown,Unknown,Unknown,Unknown,Unknown,Unknown,Unknown,Unknown,Unknown
Moldova,33843,15.27,-148400000,12.79,1400000000,4605000000,3876000000,1030000000,8581000000,1900,6.8,0.2,300,12719,1830000000,11.5,11984,150000,17.1,1360000,2050000000,Unknown,2050000000,Unknown,Unknown,24000,Unknown,Unknown,Unknown,Unknown,4455421,63.4,1138,390000000,706900,338200,1.81,8
Monaco,2,9.26,Unknown,12.71,18000000000,Unknown,Unknown,Unknown,870000000,27000,0.9,Unknown,Unknown,50,Unknown,1.9,533,16000,Unknown,30540,Unknown,Unknown,Unknown,Unknown,Unknown,Unknown,Unknown,Unknown,Unknown,Unknown,32409,Unknown,Unknown,Unknown,33700,19300,1.76,22
Mongolia,1564116,21.52,Unknown,7.03,1191000000,2209000000,2692000000,853000000,5332000000,1900,10.6,0.1,200,49256,1000000000,11,1000,220000,Unknown,1488000,Unknown,Unknown,Unknown,Unknown,Unknown,11000,497,11000,542,Unknown,2791272,Unknown,Unknown,Unknown,142300,404400,2.26,6.7
Montserrat,102,17.56,Unknown,7.17,8900000,1674000,1800000,700000,29000000,3400,-1,Unknown,Unknown,227,17000000,2.6,Unknown,Unknown,Unknown,4521,Unknown,Unknown,Unknown,Unknown,Unknown,400,Unknown,Unknown,Unknown,Unknown,9341,Unknown,Unknown,Unknown,Unknown,70,1.78,6
Morocco,446550,22.29,765400000,5.64,17070000000,14240000000,13910000000,9754000000,1.35E+11,4200,4.4,0.1,Unknown,57694,15630000000,2.1,3627,800000,22.4,11020000,50000000,Unknown,Unknown,50000000,665400000,167000,Unknown,Unknown,1000,300000000,32725847,70.2,1907,15140000000,1219200,7332800,2.73,12.1
Mozambique,801590,35.79,-101200000,20.99,966000000,5046000000,8859000000,689400000,23380000000,1200,8.2,12.2,110000,30400,972900000,12.8,3249,50000,47,9200000,60000000,Unknown,Unknown,60000000,63710000000,8500,Unknown,Unknown,Unknown,Unknown,19406703,Unknown,3123,1206000000,83700,428900,4.7,21
Namibia,825418,25.16,234300000,18.36,1136000000,1920000000,1167000000,1356000000,14760000000,7300,4.8,21.3,16000,42237,1473000000,4.2,3164,65000,19.6,840000,Unknown,Unknown,Unknown,Unknown,31150000000,13000,Unknown,Unknown,Unknown,Unknown,2030692,38.5,2382,360000000,127400,223700,3.18,35
Nauru,21,25.14,Unknown,6.82,33300000,27900000,30000000,640000,60000000,5000,Unknown,Unknown,Unknown,30,19800000,-3.6,Unknown,300,Unknown,Unknown,Unknown,Unknown,Unknown,Unknown,Unknown,1000,Unknown,Unknown,Unknown,Unknown,13048,Unknown,Unknown,Unknown,1900,1500,3.19,90
Navassa Island,5,Unknown,Unknown,Unknown,Unknown,Unknown,Unknown,Unknown,Unknown,Unknown,Unknown,Unknown,Unknown,Unknown,Unknown,Unknown,Unknown,Unknown,Unknown,Unknown,Unknown,Unknown,Unknown,Unknown,Unknown,Unknown,Unknown,Unknown,Unknown,Unknown,Unknown,Unknown,Unknown,Unknown,Unknown,Unknown,Unknown,Unknown
Nepal,140800,31.45,Unknown,9.47,2700000000,2005000000,2054000000,568000000,39530000000,1500,3,0.5,3100,13223,1419000000,2.9,917,80000,Unknown,10000000,Unknown,Unknown,Unknown,Unknown,Unknown,16000,Unknown,Unknown,Unknown,Unknown,27676547,Unknown,59,Unknown,371800,50400,4.19,47
Netherlands,41526,11.14,19900000000,8.68,Unknown,1.01E+11,90610000000,2.93E+11,4.81E+11,29500,1.2,0.2,100,116500,2.53E+11,1.4,4518226,8500000,19.9,7530000,49720000000,49280000000,20780000000,77750000000,1.69E+12,895300,1418000,2284000,46200,88060000,16407491,55.8,2808,21440000000,10004000,12500000,1.66,6
Netherlands Antilles,960,15,Unknown,6.41,1350000000,934300000,1005000000,1579000000,2450000000,11400,0.5,Unknown,Unknown,600,2233000000,2.1,119,2000,Unknown,89000,Unknown,Unknown,Unknown,Unknown,Unknown,72000,Unknown,Unknown,Unknown,Unknown,219958,Unknown,Unknown,Unknown,81000,81000,2,15.6
New Caledonia,19060,18.49,Unknown,5.65,79000000,1471000000,1581000000,448000000,3158000000,15000,Unknown,Unknown,Unknown,5432,1007000000,-0.6,4449,60000,Unknown,79400,Unknown,Unknown,Unknown,Unknown,Unknown,8750,Unknown,Unknown,Unknown,Unknown,216494,Unknown,Unknown,Unknown,52000,80000,2.31,19
New Zealand,268680,13.9,-3647000000,7.53,47340000000,35710000000,38390000000,19850000000,92510000000,23200,4.8,0.1,200,92382,19770000000,2.4,474395,2110000,22.4,2050000,6504000000,Unknown,Unknown,6504000000,58940000000,132700,30220,119700,42160,89620000,4035461,22.1,3898,4805000000,1765000,2599000,1.79,4.2
Nicaragua,129494,24.88,-843100000,4.49,4573000000,2318000000,2553000000,750000000,12340000000,2300,4,0.2,Unknown,18712,2020000000,9.3,7094,90000,28,1930000,Unknown,Unknown,Unknown,Unknown,Unknown,25770,738,27950,Unknown,Unknown,5465100,69.5,6,670000000,171600,202800,2.81,7.8
Niger,1267000,48.3,Unknown,21.33,1600000000,327600000,266200000,280000000,9716000000,900,3.5,1.2,4800,10100,400000000,3,134,15000,Unknown,70000,Unknown,Unknown,Unknown,Unknown,Unknown,5000,Unknown,Unknown,Unknown,Unknown,11665937,Unknown,Unknown,Unknown,22400,24000,6.75,Unknown
Nigeria,923768,40.65,5228000000,17.18,30550000000,18430000000,19850000000,33990000000,1.26E+11,1000,6.2,5.4,310000,194394,17140000000,16.5,1142,750000,18,55670000,7850000000,7830000000,Unknown,15680000000,4.01E+12,275000,Unknown,Unknown,2356000,34000000000,128771988,20,3557,14710000000,853100,3149500,5.53,Unknown
Niue,260,Unknown,Unknown,Unknown,418000,2790000,3000000,137200,7600000,3600,-0.3,Unknown,Unknown,234,2380000,1,Unknown,Unknown,Unknown,Unknown,Unknown,Unknown,Unknown,Unknown,Unknown,20,Unknown,Unknown,Unknown,Unknown,2166,Unknown,Unknown,Unknown,1100,400,Unknown,Unknown
Norfolk Island,35,Unknown,Unknown,Unknown,Unknown,Unknown,Unknown,1500000,Unknown,Unknown,Unknown,Unknown,Unknown,80,17900000,Unknown,Unknown,700,Unknown,1345,Unknown,Unknown,Unknown,Unknown,Unknown,Unknown,Unknown,Unknown,Unknown,Unknown,1828,Unknown,Unknown,Unknown,2532,Unknown,Unknown,0
Northern Mariana Islands,477,19.51,Unknown,2.3,Unknown,Unknown,Unknown,Unknown,900000000,12500,Unknown,Unknown,Unknown,362,Unknown,1.2,Unknown,Unknown,Unknown,6006,Unknown,Unknown,Unknown,Unknown,Unknown,Unknown,Unknown,Unknown,Unknown,Unknown,80362,Unknown,Unknown,Unknown,21000,3000,1.27,Unknown
Norway,324220,11.67,30520000000,9.45,Unknown,1.07E+11,1.26E+11,76640000000,1.83E+11,40000,3.3,0.1,100,91852,45960000000,1,593850,2288000,17.5,2380000,4100000000,50500000000,Unknown,54600000000,1.72E+12,171100,3466000,88870,3310000,9859000000,4593041,33.1,4077,Unknown,3343000,4163400,1.78,4.3
Oman,212460,36.73,2674000000,3.86,4814000000,9792000000,9896000000,13140000000,38090000000,13100,1.2,0.1,200,34965,6373000000,0.2,726,180000,13.5,920000,6340000000,7430000000,Unknown,13770000000,8.30E+11,54000,721000,Unknown,775000,5500000000,3001583,10.3,Unknown,4144000000,233900,464900,5.84,15
Pakistan,803940,30.42,1400000000,8.45,33970000000,52660000000,75270000000,15070000000,3.47E+11,2200,6.1,0.1,4900,257683,14010000000,4.8,15124,1500000,16.4,45430000,23400000000,Unknown,Unknown,23400000000,6.96E+11,365000,Unknown,Unknown,61000,325500000,162419946,71.4,8163,12580000000,3982800,2624800,4.14,8.3
Palau,458,18.37,Unknown,6.85,Unknown,Unknown,Unknown,18000000,174000000,9000,1,Unknown,Unknown,61,99000000,3.4,Unknown,Unknown,Unknown,9845,Unknown,Unknown,Unknown,Unknown,Unknown,Unknown,Unknown,Unknown,Unknown,Unknown,20303,Unknown,Unknown,Unknown,6700,1000,2.46,2.3
Palmyra Atoll,12,Unknown,Unknown,Unknown,Unknown,Unknown,Unknown,Unknown,Unknown,Unknown,Unknown,Unknown,Unknown,Unknown,Unknown,Unknown,Unknown,Unknown,Unknown,Unknown,Unknown,Unknown,Unknown,Unknown,Unknown,Unknown,Unknown,Unknown,Unknown,Unknown,Unknown,Unknown,Unknown,Unknown,Unknown,Unknown,Unknown,Unknown
Panama,78200,19.96,-469600000,6.54,8780000000,4473000000,4873000000,5699000000,20570000000,6900,6,0.9,Unknown,11643,7164000000,2,7129,120000,25,1320000,Unknown,Unknown,Unknown,Unknown,Unknown,40520,Unknown,Unknown,Unknown,Unknown,3039150,69.2,355,1076000000,386900,834000,2.45,12.6
Papua New Guinea,462840,29.95,29150000,7.37,2463000000,1561000000,1679000000,2437000000,11990000000,2200,0.9,0.6,600,19600,1353000000,4.2,389,75000,13.6,3320000,110000000,Unknown,Unknown,110000000,3.86E+11,15000,Unknown,Unknown,46200,170000000,5545268,59.3,Unknown,635800000,62000,15000,3.96,Unknown
Paraguay,406750,29.43,-36110000,4.53,3239000000,2469000000,48360000000,2936000000,29930000000,4800,2.8,0.5,600,29500,3330000000,5.1,9243,120000,18.1,2660000,Unknown,Unknown,Unknown,Unknown,Unknown,25000,Unknown,Unknown,Unknown,Unknown,6347884,39.2,441,1164000000,273200,1770300,3.93,15.1
Peru,1285220,20.87,-30000000,6.26,29790000000,20220000000,22880000000,12300000000,1.55E+11,5600,4.5,0.5,4200,78230,9600000000,3.8,65868,2850000,17.8,11000000,910000000,Unknown,Unknown,910000000,2.45E+11,161000,49000,Unknown,95500,408800000,27925628,44.1,3462,12700000000,1839200,2908800,2.56,9.6
Philippines,300000,25.31,3600000000,5.47,55600000000,46050000000,52860000000,38630000000,4.31E+11,5000,5.9,0.1,500,202124,37500000000,5.5,38440,3500000,17,35860000,25000000,Unknown,Unknown,2500000,1.08E+11,338000,Unknown,312000,26000,152000000,87857473,74.2,897,16050000000,3310900,15201000,3.16,11.7
Pitcairn Islands,47,Unknown,Unknown,Unknown,Unknown,Unknown,Unknown,Unknown,Unknown,Unknown,Unknown,Unknown,Unknown,6,Unknown,Unknown,Unknown,Unknown,Unknown,15,Unknown,Unknown,Unknown,Unknown,Unknown,Unknown,Unknown,Unknown,Unknown,Unknown,46,Unknown,Unknown,Unknown,1,Unknown,Unknown,Unknown
Poland,312685,10.78,-3831000000,10.01,99150000000,1.17E+11,1.34E+11,75980000000,4.63E+11,12000,5.6,0.1,100,364697,81610000000,3.4,804915,8970000,18.4,17020000,13850000000,41000000,8782000000,5471000000,1.54E+11,424100,53000,413700,17180,116400000,38635144,49.9,23852,41880000000,12300000,17401000,1.39,19.5
Portugal,92391,10.82,-8120000000,10.43,2.75E+11,42150000000,43280000000,37680000000,1.89E+11,17900,1.1,0.4,1000,17135,52100000000,2.1,346078,3600000,22.3,5480000,2542000000,Unknown,2553000000,Unknown,Unknown,339800,28830,357300,Unknown,Unknown,10566212,61.5,2850,12300000000,4278800,9341400,1.47,6.5
Puerto Rico,9104,13.93,Unknown,7.86,Unknown,20540000000,22090000000,46900000000,68950000000,17700,2.7,Unknown,Unknown,25328,29100000000,6.5,Unknown,600000,Unknown,1300000,630000000,Unknown,630000000,Unknown,Unknown,190000,Unknown,Unknown,Unknown,Unknown,3916632,Unknown,96,Unknown,1329500,1211111,1.91,12
Qatar,11437,15.54,5187000000,4.61,18620000000,9046000000,9727000000,15000000000,19490000000,23200,8.7,0.09,Unknown,1230,6150000000,3,221,126000,22.9,140000,15860000000,18200000000,Unknown,32400000000,1.44E+13,30000,Unknown,Unknown,790000,16000000000,863051,Unknown,Unknown,3351000000,184500,376500,2.87,2.7
Reunion,2517,19.26,Unknown,5.48,Unknown,1084000000,1166000000,214000000,4570000000,6000,2.5,Unknown,Unknown,1214,2500000000,Unknown,Unknown,150000,Unknown,309900,Unknown,Unknown,Unknown,Unknown,Unknown,18000,Unknown,Unknown,Unknown,Unknown,776948,Unknown,Unknown,Unknown,300000,489800,2.47,36
Romania,237500,10.7,-3631000000,11.74,24590000000,57500000000,56530000000,23540000000,1.72E+11,7700,8.1,0.1,350,198755,28430000000,9.6,50807,4000000,23.3,9660000,18500000000,Unknown,5400000000,12600000000,1.11E+11,253800,Unknown,Unknown,128000,1055000000,22329977,23.6,11385,16210000000,4300000,6900000,1.36,6.3
Russia,17075200,9.8,46040000000,14.52,1.70E+11,8.94E+11,9.15E+11,1.63E+11,1.41E+12,9800,6.7,1.1,9000,537289,92910000000,11.5,560874,6000000,19.1,71830000,4.06E+11,1.71E+11,32700000000,5.79E+11,4.70E+13,2310000,6110000,Unknown,8420000,69000000000,143420309,28.2,87157,1.25E+11,35500000,17608800,1.27,8.3
Rwanda,26338,40.6,-212500000,16.32,1300000000,195000000,166700000,69780000,10430000000,1300,0.9,5.1,22000,12000,260000000,7,1495,25000,20,4600000,Unknown,Unknown,Unknown,Unknown,28320000000,5300,Unknown,Unknown,Unknown,Unknown,8440820,Unknown,Unknown,210900000,23200,134000,5.49,Unknown
Saint Helena,410,12.33,Unknown,6.43,Unknown,4650000,5000000,17000000,18000000,2500,Unknown,Unknown,Unknown,198,42000000,3.2,Unknown,500,Unknown,3500,Unknown,Unknown,Unknown,Unknown,Unknown,200,Unknown,Unknown,Unknown,Unknown,7460,Unknown,Unknown,Unknown,2200,Unknown,1.54,14
Saint Kitts and Nevis,261,18.12,Unknown,8.47,171000000,98440000,105800000,70000000,339000000,8800,-1.9,Unknown,Unknown,320,195000000,1.7,51,10000,Unknown,18170,Unknown,Unknown,Unknown,Unknown,Unknown,710,Unknown,Unknown,Unknown,Unknown,38958,Unknown,50,Unknown,23500,5000,2.33,4.5
Saint Lucia,616,20.05,Unknown,5.12,214000000,251300000,270300000,66000000,866000000,5400,3.3,Unknown,Unknown,1210,267000000,3,41,13000,Unknown,43800,Unknown,Unknown,Unknown,Unknown,Unknown,2400,Unknown,Unknown,Unknown,Unknown,166312,Unknown,Unknown,Unknown,51100,14300,2.21,20
Saint Pierre and Miquelon,242,13.83,Unknown,6.7,Unknown,40060000,43080000,10000000,48300000,7000,Unknown,Unknown,Unknown,114,106000000,2.1,Unknown,Unknown,Unknown,3261,Unknown,Unknown,Unknown,Unknown,Unknown,600,Unknown,Unknown,Unknown,Unknown,7012,Unknown,Unknown,Unknown,4800,Unknown,2.03,9.8
Saint Vincent and the Grenadines,389,16.34,Unknown,6,167200000,84820000,91200000,38000000,342000000,2900,0.7,Unknown,Unknown,829,174000000,-0.4,4,7000,Unknown,67000,Unknown,Unknown,Unknown,Unknown,Unknown,1250,Unknown,Unknown,Unknown,Unknown,117534,Unknown,Unknown,Unknown,27300,10000,1.85,15
Samoa,2944,15.95,Unknown,6.54,197000000,113500000,122000000,14000000,1000000000,5600,5,Unknown,3,790,113000000,4,8225,4000,Unknown,90000,Unknown,Unknown,Unknown,Unknown,Unknown,1000,Unknown,Unknown,Unknown,Unknown,177287,Unknown,Unknown,Unknown,11800,2700,3.01,Unknown
San Marino,61,10.18,Unknown,8.07,Unknown,Unknown,Unknown,Unknown,940000000,34600,7.5,Unknown,Unknown,220,Unknown,3.3,1763,14300,Unknown,18500,Unknown,Unknown,Unknown,Unknown,Unknown,Unknown,Unknown,Unknown,Unknown,Unknown,28880,Unknown,Unknown,Unknown,20600,16800,1.33,2.6
Sao Tome and Principe,1001,40.8,-31500000,6.68,318000000,15810000,17000000,6700000,214000000,1200,6,Unknown,Unknown,320,41000000,14,1069,15000,31.5,Unknown,Unknown,Unknown,Unknown,Unknown,Unknown,700,Unknown,Unknown,Unknown,Unknown,187410,Unknown,Unknown,29780000,7000,4800,5.71,Unknown
Saudi Arabia,1960582,29.56,51500000000,2.62,34350000000,1.29E+11,1.38E+11,1.13E+11,3.10E+11,12000,5,0.01,Unknown,152044,36210000000,0.8,15931,1500000,17.2,6620000,56400000000,Unknown,Unknown,56400000000,6.34E+12,1550000,7920000,Unknown,9021000,2.62E+11,26417599,75,1392,23620000000,3502600,7238200,4.05,25
Senegal,196190,35.21,-518800000,10.6,3476000000,1615000000,1737000000,1374000000,18360000000,1700,3.2,0.8,3500,14576,2128000000,0.8,672,225000,20.1,4650000,50000000,Unknown,Unknown,50000000,Unknown,31000,Unknown,Unknown,Unknown,Unknown,11126832,55.2,906,820000000,228800,575900,4.75,48
Serbia and Montenegro,102350,12.12,-3008000000,10.49,12970000000,32330000000,31640000000,3245000000,26270000000,2400,6.5,0.2,100,45290,9538000000,8.8,20207,847000,14.4,3200000,602000000,Unknown,Unknown,602000000,24070000000,64000,Unknown,Unknown,15000,38750000,10829175,80,4380,3550000000,2611700,3634600,1.67,30
Seychelles,455,16.22,-98420000,6.34,218100000,202800000,218000000,256200000,626000000,7800,1.5,Unknown,Unknown,373,393400000,5,264,11700,39.5,30900,Unknown,Unknown,Unknown,Unknown,Unknown,4000,Unknown,Unknown,Unknown,Unknown,81188,122.8,Unknown,70940000,21700,54500,1.75,Unknown
Sierra Leone,71740,42.84,Unknown,20.61,1500000000,237400000,255300000,49000000,3335000000,600,6,7,11000,11300,264000000,1,277,8000,Unknown,1369000,Unknown,Unknown,Unknown,Unknown,Unknown,6500,Unknown,Unknown,Unknown,Unknown,6017643,Unknown,Unknown,Unknown,24000,67000,5.72,Unknown
Singapore,693,9.49,8800000000,4.16,19400000000,32000000000,35330000000,1.74E+11,1.21E+11,27800,8.1,0.2,200,3130,1.55E+11,1.7,484825,2310000,27.4,2180000,2500000000,Unknown,2500000000,Unknown,Unknown,700000,Unknown,Unknown,Unknown,Unknown,4425720,102.5,Unknown,1.13E+11,1896100,3521800,1.05,3.4
Slovakia,48845,10.62,-1400000000,9.43,19540000000,28890000000,31150000000,29240000000,78890000000,14500,5.3,0.1,100,42970,29670000000,7.5,89592,1375800,24,2200000,6800000000,Unknown,6600000000,190000000,7504000000,82000,Unknown,Unknown,1000,4500000,5431363,46.6,3661,14910000000,1294700,3678800,1.32,13.1
Slovenia,20273,8.95,-51640000,10.22,14650000000,11800000000,12490000000,14970000000,39410000000,19600,3.9,0.1,100,20250,16070000000,3.3,45491,750000,24.9,870000,1040000000,Unknown,1040000000,Unknown,Unknown,53300,Unknown,Unknown,20,Unknown,2011070,31.5,1201,8493000000,812300,1739100,1.24,6.4
Solomon Islands,28450,30.74,Unknown,3.98,180400000,29760000,32000000,74000000,800000000,1700,5.8,Unknown,Unknown,1360,67000000,10,398,2200,Unknown,26840,Unknown,Unknown,Unknown,Unknown,Unknown,1250,Unknown,Unknown,Unknown,Unknown,538032,Unknown,Unknown,Unknown,6600,1000,4.04,Unknown
Somalia,637657,45.62,Unknown,16.97,3000000000,223500000,240300000,79000000,4597000000,600,2.8,1,Unknown,22100,344000000,Unknown,4,89000,Unknown,3700000,Unknown,Unknown,Unknown,Unknown,2832000000,4000,Unknown,Unknown,Unknown,Unknown,8591629,Unknown,Unknown,Unknown,100000,35000,6.84,Unknown
South Africa,1219912,18.48,-2480000000,21.32,27010000000,1.89E+11,2.03E+11,41970000000,4.91E+11,11100,3.5,21.5,370000,275971,39420000000,4.5,288633,3100000,16.7,16630000,1800000000,Unknown,Unknown,1800000000,14160000000,460000,Unknown,Unknown,196200,7840000,44344136,45.9,22298,11680000000,4844000,16860000,2.24,26.2
South Georgia and the South Sandwich Islands,3903,Unknown,Unknown,Unknown,Unknown,Unknown,Unknown,Unknown,Unknown,Unknown,Unknown,Unknown,Unknown,Unknown,Unknown,Unknown,Unknown,Unknown,Unknown,Unknown,Unknown,Unknown,Unknown,Unknown,Unknown,Unknown,Unknown,Unknown,Unknown,Unknown,Unknown,Unknown,Unknown,Unknown,Unknown,Unknown,Unknown,Unknown
Spain,504782,10.1,-30890000000,9.63,7.71E+11,2.18E+11,2.29E+11,1.73E+11,9.38E+11,23300,2.6,0.7,1000,664852,2.22E+11,3.2,1056950,9789000,25.4,19330000,17960000000,Unknown,17260000000,516000000,254900000,1497000,135100,1582000,7099,10500000,40341462,53.2,14268,19700000000,17567500,37506700,1.28,10.4
Spratly Islands,5,Unknown,Unknown,Unknown,Unknown,Unknown,Unknown,Unknown,Unknown,Unknown,Unknown,Unknown,Unknown,Unknown,Unknown,Unknown,Unknown,Unknown,Unknown,Unknown,Unknown,Unknown,Unknown,Unknown,Unknown,Unknown,Unknown,Unknown,Unknown,Unknown,Unknown,Unknown,Unknown,Unknown,Unknown,Unknown,Unknown,Unknown
Sri Lanka,65610,15.63,-587300000,6.49,10850000000,6228000000,6697000000,5306000000,80580000000,4000,5.2,0.1,200,11650,7265000000,5.8,1882,200000,22.4,7260000,Unknown,Unknown,Unknown,Unknown,Unknown,75000,Unknown,Unknown,Unknown,Unknown,20064776,104.3,1449,2475000000,881400,931600,1.85,7.8
Sudan,2505810,35.17,-763600000,9.16,21000000000,2400000000,2581000000,3395000000,76190000000,1900,6.4,2.3,23000,11900,3496000000,9,Unknown,300000,16,11000000,Unknown,Unknown,Unknown,Unknown,99110000000,70000,275000,Unknown,345000,1600000000,40187486,79.7,5995,1652000000,900000,650000,4.85,18.7
Suriname,163270,18.39,Unknown,7.16,321000000,1845000000,1984000000,495000000,1885000000,4300,4.2,1.7,500,4492,604000000,23,18,20000,Unknown,104000,Unknown,Unknown,Unknown,Unknown,Unknown,14000,1370,1644,12000,99000000,438144,Unknown,Unknown,Unknown,79800,168100,2.34,17
Svalbard,62049,Unknown,Unknown,Unknown,Unknown,Unknown,Unknown,Unknown,Unknown,Unknown,Unknown,0,Unknown,Unknown,Unknown,Unknown,Unknown,Unknown,Unknown,Unknown,Unknown,Unknown,Unknown,Unknown,Unknown,Unknown,Unknown,Unknown,Unknown,Unknown,2701,Unknown,Unknown,Unknown,Unknown,Unknown,Unknown,Unknown
Swaziland,17363,27.72,-82400000,25.26,320000000,1173000000,402000000,900100000,6018000000,5100,2.5,38.8,17000,3107,1140000000,5.4,1401,27000,23.6,383200,Unknown,Unknown,Unknown,Unknown,Unknown,3500,Unknown,Unknown,Unknown,Unknown,1173900,Unknown,301,320500000,46200,88000,3.7,34
Sweden,449964,10.36,24080000000,10.36,66500000000,1.38E+11,1.43E+11,1.22E+11,2.55E+11,28400,3.6,0.1,100,213237,97970000000,0.7,945221,5125000,15.8,4460000,949000000,Unknown,968000000,Unknown,Unknown,328600,203700,553100,Unknown,Unknown,9001774,51.6,11481,19990000000,6579200,7949000,1.66,5.6
Switzerland,41290,9.77,40950000000,8.48,Unknown,54530000000,63470000000,1.31E+11,2.52E+11,33800,1.8,0.4,100,71212,1.21E+11,0.9,667275,2556000,20.4,3770000,3093000000,Unknown,3093000000,Unknown,Unknown,290400,10420,289500,Unknown,Unknown,7489370,57.2,4533,69580000000,5419000,6172000,1.42,3.4
Syria,185180,28.29,1100000000,4.88,4000000000,24320000000,26150000000,6086000000,60440000000,3400,2.3,0.1,200,45697,5042000000,2.1,11,220000,16.3,5120000,5840000000,Unknown,Unknown,5840000000,2.41E+11,240000,285000,Unknown,525000,2500000000,18448752,32,2711,5000000000,2099300,400000,3.5,20
Taiwan,35980,12.64,21160000000,6.38,55500000000,1.47E+11,1.59E+11,1.71E+11,5.76E+11,25300,6,Unknown,Unknown,37299,1.65E+11,1.7,2777085,13800000,18,10220000,6640000000,410000000,6300000000,750000000,38230000000,988000,Unknown,Unknown,500,2900000,22894384,32.4,2508,2.47E+11,13355000,25089600,1.57,4.5
Tajikistan,143100,32.58,-52000000,8.39,888000000,14410000000,15080000000,1130000000,7950000000,1100,10.5,0.1,100,27767,1300000000,8,69,4100,22,3187000,1300000000,Unknown,1250000000,50000000,Unknown,20000,Unknown,Unknown,250,Unknown,7163506,Unknown,482,145300000,242100,47600,4.05,40
Tanzania,945087,38.16,-327400000,16.71,7321000000,2566000000,2727000000,1248000000,23710000000,700,5.8,8.8,160000,88200,1972000000,5.4,5534,250000,16.2,19000000,Unknown,Unknown,Unknown,Unknown,11330000000,17000,Unknown,Unknown,Unknown,Unknown,36766356,5,3690,2175000000,149100,891200,5.06,Unknown
Thailand,514000,15.7,6736000000,7.02,50590000000,1.06E+11,1.19E+11,87910000000,5.25E+11,8100,6.1,1.5,58000,57403,80840000000,2.8,103700,6971500,22.5,36430000,23930000000,Unknown,5200000000,18730000000,3.68E+11,785000,Unknown,Unknown,225000,600000000,65444371,47.6,4071,48300000000,6617400,26500000,1.88,1.5
Togo,56785,33.48,-125600000,11.8,1400000000,451200000,108800000,663100000,8684000000,1600,3,4.1,10000,7520,824900000,1,82,210000,19.1,1740000,Unknown,Unknown,Unknown,Unknown,Unknown,10000,Unknown,Unknown,Unknown,Unknown,5681519,Unknown,568,267400000,60600,220000,4.61,Unknown
Tokelau,10,Unknown,Unknown,Unknown,Unknown,Unknown,Unknown,98000,1500000,1000,Unknown,Unknown,Unknown,Unknown,323000,Unknown,Unknown,Unknown,Unknown,Unknown,Unknown,Unknown,Unknown,Unknown,Unknown,Unknown,Unknown,Unknown,Unknown,Unknown,1405,Unknown,Unknown,Unknown,300,Unknown,Unknown,Unknown
Tonga,748,25.18,Unknown,5.35,63400000,23060000,24790000,27000000,244000000,2300,1.5,Unknown,Unknown,680,86000000,10.3,18906,2900,Unknown,33910,Unknown,Unknown,Unknown,Unknown,Unknown,1000,Unknown,Unknown,Unknown,Unknown,112422,Unknown,Unknown,Unknown,11200,9000,3,13.3
Trinidad and Tobago,5128,12.81,1548000000,9.37,2940000000,5341000000,5743000000,6671000000,11480000000,10500,5.7,3.2,1900,8320,4650000000,3.3,8003,138000,19.4,590000,13760000000,11790000000,Unknown,25000000000,5.89E+11,24000,Unknown,Unknown,140000,990000000,1088644,54.4,Unknown,2927000000,325100,361900,1.75,10.4
Tromelin Island,1,Unknown,Unknown,Unknown,Unknown,Unknown,Unknown,Unknown,Unknown,Unknown,Unknown,Unknown,Unknown,Unknown,Unknown,Unknown,Unknown,Unknown,Unknown,Unknown,Unknown,Unknown,Unknown,Unknown,Unknown,Unknown,Unknown,Unknown,Unknown,Unknown,Unknown,Unknown,Unknown,Unknown,Unknown,Unknown,Unknown,Unknown
Tunisia,163610,15.5,71850000,5.09,14710000000,10050000000,10720000000,9926000000,70880000000,7100,5.1,0.1,200,18997,11520000000,4.1,281,630000,24.5,3550000,3830000000,Unknown,1580000000,2250000000,77160000000,87000,Unknown,Unknown,72580,1700000000,10074951,59.2,2152,3509000000,1163800,1899900,1.75,13.8
Turkey,780580,16.83,-15300000000,5.96,16900000000,1.18E+11,1.40E+11,69460000000,5.09E+11,7400,8.2,0.1,Unknown,354421,94500000000,9.3,355215,5500000,17.3,25300000,15940000000,Unknown,15750000000,312000000,8685000000,619500,46110,616500,48000,288400000,69660559,74.3,8671,37100000000,18916700,27887500,1.94,9.3
Turkmenistan,488100,27.68,114000000,8.78,2400000000,8908000000,11410000000,4000000000,27600000000,5700,7.5,0.1,100,24000,2850000000,9,524,8000,29,2320000,9600000000,43500000000,Unknown,58570000000,1.43E+12,63000,Unknown,Unknown,162500,273000000,4952081,Unknown,2440,3034000000,374000,52000,3.41,60
Turks and Caicos Islands,430,22.23,Unknown,4.28,Unknown,4650000,5000000,169200000,216000000,11500,4.9,Unknown,Unknown,121,175600000,4,Unknown,Unknown,Unknown,4848,Unknown,Unknown,Unknown,Unknown,Unknown,Unknown,Unknown,Unknown,Unknown,Unknown,20556,Unknown,Unknown,Unknown,5700,1700,3.08,10
Tuvalu,26,21.91,Unknown,7.22,Unknown,Unknown,Unknown,1000000,12200000,1100,3,Unknown,Unknown,8,79000000,5,Unknown,1300,Unknown,7000,Unknown,Unknown,Unknown,Unknown,Unknown,Unknown,Unknown,Unknown,Unknown,Unknown,11636,Unknown,Unknown,Unknown,700,Unknown,3,Unknown
Uganda,236040,47.39,-590800000,12.8,3865000000,1401000000,1775000000,621700000,39390000000,1500,5,4.1,78000,27000,1306000000,3.5,2692,125000,22.4,12410000,Unknown,Unknown,Unknown,Unknown,Unknown,8750,Unknown,Unknown,Unknown,Unknown,27269482,73.9,1241,1200000000,61000,776200,6.74,Unknown
Ukraine,603700,10.49,4584000000,16.42,16370000000,1.32E+11,1.80E+11,32910000000,2.99E+11,6300,12,1.4,20000,169679,31450000000,12,94345,3800000,18.8,21110000,79860000000,5800000000,60400000000,19600000000,5.61E+11,303000,Unknown,Unknown,72000,395000000,47425336,24.7,22473,11330000000,10833300,4200000,1.4,3.5
United Arab Emirates,82880,18.78,6300000000,4.26,5900000000,36510000000,45120000000,69480000000,63670000000,25200,5.7,0.18,Unknown,1088,45660000000,3.2,56283,1110200,20.8,2360000,33700000000,7190000000,Unknown,44400000000,6.06E+12,310000,2500000,Unknown,2335000,97800000000,2563212,17.6,Unknown,18640000000,1135800,2972300,2.94,2.4
United Kingdom,244820,10.78,-33460000000,10.18,4.71E+12,3.37E+11,3.96E+11,3.47E+11,1.78E+12,29600,3.2,0.2,500,392931,4.39E+11,1.4,3398708,25000000,16.2,29780000,92850000000,15750000000,2700000000,1.06E+11,7.15E+11,1692000,1498000,1084000,1957000,25410000000,60441457,39.6,17186,48730000000,34898000,49677000,1.66,4.8
United States,9631418,14.14,-6.47E+11,8.25,1.40E+12,3.66E+12,3.84E+12,7.95E+11,1.18E+13,40100,4.4,0.6,14000,6393603,1.48E+12,2.5,115311958,159000000,15.7,147400000,6.41E+11,11160000000,1.14E+11,5.48E+11,5.20E+12,19650000,Unknown,Unknown,7800000,22450000000,295734134,65,228464,85940000000,181599900,158722000,2.08,5.5
Uruguay,176220,14.09,181800000,9.06,12800000000,5878000000,8536000000,2200000000,49270000000,14500,10.2,0.3,500,8983,2071000000,7.6,87630,400000,9.6,1560000,64500000,Unknown,65000000,Unknown,Unknown,41500,Unknown,Unknown,Unknown,Unknown,3415920,Unknown,2073,2362000000,946500,652000,1.91,13
Uzbekistan,447400,26.22,461900000,7.95,4351000000,46660000000,47700000000,3700000000,47590000000,1800,4.4,0.1,500,81600,2820000000,3,1040,492000,Unknown,14640000,45200000000,17900000000,Unknown,63100000000,9.37E+11,142000,Unknown,Unknown,143300,297000000,26851195,41.5,3950,1603000000,1717100,320800,2.94,0.6
Vanuatu,12200,23.06,Unknown,7.9,83700000,45030000,48420000,26600000,580000000,2900,1.1,Unknown,Unknown,1070,138000000,3.1,512,7500,Unknown,Unknown,Unknown,Unknown,Unknown,Unknown,Unknown,600,Unknown,Unknown,Unknown,Unknown,205754,Unknown,Unknown,Unknown,6500,7800,2.77,Unknown
Venezuela,912050,18.91,14590000000,4.9,33290000000,89300000000,89700000000,35840000000,1.45E+11,5800,16.8,0.7,4100,96155,14980000000,22.4,35301,1274400,12.9,12250000,29400000000,Unknown,Unknown,29400000000,4.19E+12,500000,2100000,Unknown,2600000,78000000000,25375281,43.1,682,25750000000,2841800,6463600,2.26,17.1
Vietnam,329560,17.07,-2061000000,6.2,16550000000,32060000000,34480000000,23720000000,2.27E+11,2700,7.7,0.4,9000,93300,26310000000,9.5,340,3500000,36.6,42980000,1300000000,Unknown,Unknown,1300000000,1.93E+11,185000,Unknown,Unknown,359400,650000000,83535576,65.9,2600,6510000000,4402000,2742000,1.94,1.9
Virgin Islands,352,14.2,Unknown,6.26,Unknown,962600000,1035000000,Unknown,2500000000,17200,2,Unknown,Unknown,1257,Unknown,2.2,Unknown,30000,Unknown,48900,Unknown,Unknown,Unknown,Unknown,Unknown,66000,Unknown,Unknown,Unknown,Unknown,108708,Unknown,Unknown,Unknown,69400,41000,2.19,9.3
Wake Island,7,Unknown,Unknown,Unknown,Unknown,Unknown,Unknown,Unknown,Unknown,Unknown,Unknown,Unknown,Unknown,Unknown,Unknown,Unknown,Unknown,Unknown,Unknown,Unknown,Unknown,Unknown,Unknown,Unknown,Unknown,Unknown,Unknown,Unknown,Unknown,Unknown,Unknown,Unknown,Unknown,Unknown,Unknown,Unknown,Unknown,Unknown
Wallis and Futuna,274,Unknown,Unknown,Unknown,Unknown,Unknown,Unknown,250000,60000000,3800,Unknown,Unknown,Unknown,120,300000,Unknown,Unknown,900,Unknown,Unknown,Unknown,Unknown,Unknown,Unknown,Unknown,Unknown,Unknown,Unknown,Unknown,Unknown,16025,Unknown,Unknown,Unknown,1900,Unknown,Unknown,Unknown
West Bank,5860,32.37,Unknown,3.99,108000000,Unknown,Unknown,205000000,1800000000,800,6,Unknown,Unknown,4500,1500000000,2.2,Unknown,145000,Unknown,364000,Unknown,Unknown,Unknown,Unknown,Unknown,Unknown,Unknown,Unknown,Unknown,Unknown,2385615,Unknown,Unknown,Unknown,301600,480000,4.4,27.2
Western Sahara,266000,Unknown,Unknown,Unknown,Unknown,83700000,90000000,Unknown,Unknown,Unknown,Unknown,Unknown,Unknown,6200,Unknown,Unknown,Unknown,Unknown,Unknown,12000,Unknown,Unknown,Unknown,Unknown,Unknown,1800,Unknown,Unknown,Unknown,Unknown,273008,Unknown,Unknown,Unknown,Unknown,Unknown,Unknown,Unknown
Yemen,527970,43.07,369900000,8.53,5400000000,2827000000,3040000000,4468000000,16250000000,800,1.9,0.1,Unknown,67000,3734000000,12.2,138,100000,16.1,5980000,Unknown,Unknown,Unknown,Unknown,4.80E+11,78000,370300,Unknown,417500,4000000000,20727063,46.4,Unknown,5300000000,542200,411100,6.67,35
Zambia,752614,41.38,-181400000,20.23,5353000000,5345000000,8167000000,1548000000,9409000000,900,4.6,16.5,89000,91440,1519000000,18.3,1880,68200,41.4,4630000,Unknown,Unknown,Unknown,Unknown,Unknown,11000,Unknown,Unknown,Unknown,Unknown,11261795,127.5,2173,345000000,88400,241000,5.47,50
Zimbabwe,390580,29.74,-230300000,24.66,4086000000,11220000000,8839000000,1409000000,24370000000,1900,-8.2,24.6,170000,18338,1599000000,133,4501,500000,9.9,4230000,Unknown,Unknown,Unknown,Unknown,Unknown,23000,Unknown,Unknown,Unknown,Unknown,12746990,52.3,3077,57000000,300900,379100,3.54,70
